input,output
top 5 scorers in 2023,"SELECT p.player_name, SUM(pgt.pts) / pgt.gp AS ppg FROM player p JOIN player_general_traditional_total pgt ON p.player_id = pgt.player_id WHERE pgt.season_id = 22023 GROUP BY p.player_name, pgt.gp ORDER BY ppg DESC LIMIT 5;"
top 10 scorers in 2022,"SELECT p.player_name, SUM(pgt.pts) / pgt.gp AS ppg FROM player p JOIN player_general_traditional_total pgt ON p.player_id = pgt.player_id WHERE pgt.season_id = 22022 GROUP BY p.player_name, pgt.gp ORDER BY ppg DESC LIMIT 10;"
top 5 rebounders in 2021,"SELECT p.player_name, SUM(pgt.reb) / pgt.gp AS rpg FROM player p JOIN player_general_traditional_total pgt ON p.player_id = pgt.player_id WHERE pgt.season_id = 22021 GROUP BY p.player_name, pgt.gp ORDER BY rpg DESC LIMIT 5;"
top 10 rebounders in 2020,"SELECT p.player_name, SUM(pgt.reb) / pgt.gp AS rpg FROM player p JOIN player_general_traditional_total pgt ON p.player_id = pgt.player_id WHERE pgt.season_id = 22020 GROUP BY p.player_name, pgt.gp ORDER BY rpg DESC LIMIT 10;"
top 5 assist leaders in 2019,"SELECT p.player_name, SUM(pgt.ast) / pgt.gp AS apg FROM player p JOIN player_general_traditional_total pgt ON p.player_id = pgt.player_id WHERE pgt.season_id = 22019 GROUP BY p.player_name, pgt.gp ORDER BY apg DESC LIMIT 5;"
top 10 assist leaders in 2018,"SELECT p.player_name, SUM(pgt.ast) / pgt.gp AS apg FROM player p JOIN player_general_traditional_total pgt ON p.player_id = pgt.player_id WHERE pgt.season_id = 22018 GROUP BY p.player_name, pgt.gp ORDER BY apg DESC LIMIT 10;"
top 5 steal leaders in 2017,"SELECT p.player_name, SUM(pgt.stl) / pgt.gp AS spg FROM player p JOIN player_general_traditional_total pgt ON p.player_id = pgt.player_id WHERE pgt.season_id = 22017 GROUP BY p.player_name, pgt.gp ORDER BY spg DESC LIMIT 5;"
top 10 block leaders in 2016,"SELECT p.player_name, SUM(pgt.blk) / pgt.gp AS bpg FROM player p JOIN player_general_traditional_total pgt ON p.player_id = pgt.player_id WHERE pgt.season_id = 22016 GROUP BY p.player_name, pgt.gp ORDER BY bpg DESC LIMIT 10;"
top 5 three point shooters in 2015,"SELECT p.player_name, SUM(pgt.fg3m) AS total_threes FROM player p JOIN player_general_traditional_total pgt ON p.player_id = pgt.player_id WHERE pgt.season_id = 22015 GROUP BY p.player_name ORDER BY total_threes DESC LIMIT 5;"
top 10 three point shooters by percentage in 2014,"SELECT p.player_name, pgt.fg3_pct FROM player p JOIN player_general_traditional_total pgt ON p.player_id = pgt.player_id WHERE pgt.season_id = 22014 AND pgt.fg3a >= 100 ORDER BY pgt.fg3_pct DESC LIMIT 10;"
top 5 scorers in 2000,"SELECT p.player_name, SUM(pgt.pts) / pgt.gp AS ppg FROM player p JOIN player_general_traditional_total pgt ON p.player_id = pgt.player_id WHERE pgt.season_id = 22000 GROUP BY p.player_name, pgt.gp ORDER BY ppg DESC LIMIT 5;"
top 3 scorers in 1996,"SELECT p.player_name, SUM(pgt.pts) / pgt.gp AS ppg FROM player p JOIN player_general_traditional_total pgt ON p.player_id = pgt.player_id WHERE pgt.season_id = 21996 GROUP BY p.player_name, pgt.gp ORDER BY ppg DESC LIMIT 3;"
top 5 players by plus minus in 2023,"SELECT p.player_name, pgt.plus_minus FROM player p JOIN player_general_traditional_total pgt ON p.player_id = pgt.player_id WHERE pgt.season_id = 22023 ORDER BY pgt.plus_minus DESC LIMIT 5;"
top 10 players by minutes played in 2022,"SELECT p.player_name, pgt.min FROM player p JOIN player_general_traditional_total pgt ON p.player_id = pgt.player_id WHERE pgt.season_id = 22022 ORDER BY pgt.min DESC LIMIT 10;"
top 5 players by free throw percentage in 2021,"SELECT p.player_name, pgt.ft_pct FROM player p JOIN player_general_traditional_total pgt ON p.player_id = pgt.player_id WHERE pgt.season_id = 22021 AND pgt.fta >= 100 ORDER BY pgt.ft_pct DESC LIMIT 5;"
top 5 players by field goal percentage in 2020,"SELECT p.player_name, pgt.fg_pct FROM player p JOIN player_general_traditional_total pgt ON p.player_id = pgt.player_id WHERE pgt.season_id = 22020 AND pgt.fga >= 200 ORDER BY pgt.fg_pct DESC LIMIT 5;"
top 5 players by fantasy points in 2023,"SELECT p.player_name, pgt.nba_fantasy_pts FROM player p JOIN player_general_traditional_total pgt ON p.player_id = pgt.player_id WHERE pgt.season_id = 22023 ORDER BY pgt.nba_fantasy_pts DESC LIMIT 5;"
top 5 turnover leaders in 2022,"SELECT p.player_name, SUM(pgt.tov) / pgt.gp AS topg FROM player p JOIN player_general_traditional_total pgt ON p.player_id = pgt.player_id WHERE pgt.season_id = 22022 GROUP BY p.player_name, pgt.gp ORDER BY topg DESC LIMIT 5;"
top 5 offensive rebounders in 2019,"SELECT p.player_name, SUM(pgt.oreb) / pgt.gp AS orpg FROM player p JOIN player_general_traditional_total pgt ON p.player_id = pgt.player_id WHERE pgt.season_id = 22019 GROUP BY p.player_name, pgt.gp ORDER BY orpg DESC LIMIT 5;"
top 5 defensive rebounders in 2018,"SELECT p.player_name, SUM(pgt.dreb) / pgt.gp AS drpg FROM player p JOIN player_general_traditional_total pgt ON p.player_id = pgt.player_id WHERE pgt.season_id = 22018 GROUP BY p.player_name, pgt.gp ORDER BY drpg DESC LIMIT 5;"
which player had the most triple doubles in 2022,"SELECT p.player_name, SUM(pgt.td3) AS triple_doubles FROM player p JOIN player_general_traditional_total pgt ON p.player_id = pgt.player_id WHERE pgt.season_id = 22022 GROUP BY p.player_name ORDER BY triple_doubles DESC LIMIT 1;"
which player had the most double doubles in 2021,"SELECT p.player_name, SUM(pgt.dd2) AS double_doubles FROM player p JOIN player_general_traditional_total pgt ON p.player_id = pgt.player_id WHERE pgt.season_id = 22021 GROUP BY p.player_name ORDER BY double_doubles DESC LIMIT 1;"
top 5 players by triple doubles in 2020,"SELECT p.player_name, SUM(pgt.td3) AS triple_doubles FROM player p JOIN player_general_traditional_total pgt ON p.player_id = pgt.player_id WHERE pgt.season_id = 22020 GROUP BY p.player_name ORDER BY triple_doubles DESC LIMIT 5;"
top 5 players by double doubles in 2019,"SELECT p.player_name, SUM(pgt.dd2) AS double_doubles FROM player p JOIN player_general_traditional_total pgt ON p.player_id = pgt.player_id WHERE pgt.season_id = 22019 GROUP BY p.player_name ORDER BY double_doubles DESC LIMIT 5;"
best scorer in the NBA in 2023,"SELECT p.player_name, SUM(pgt.pts) / pgt.gp AS ppg FROM player p JOIN player_general_traditional_total pgt ON p.player_id = pgt.player_id WHERE pgt.season_id = 22023 GROUP BY p.player_name, pgt.gp ORDER BY ppg DESC LIMIT 1;"
best rebounder in the NBA in 2022,"SELECT p.player_name, SUM(pgt.reb) / pgt.gp AS rpg FROM player p JOIN player_general_traditional_total pgt ON p.player_id = pgt.player_id WHERE pgt.season_id = 22022 GROUP BY p.player_name, pgt.gp ORDER BY rpg DESC LIMIT 1;"
best playmaker in 2021,"SELECT p.player_name, SUM(pgt.ast) / pgt.gp AS apg FROM player p JOIN player_general_traditional_total pgt ON p.player_id = pgt.player_id WHERE pgt.season_id = 22021 GROUP BY p.player_name, pgt.gp ORDER BY apg DESC LIMIT 1;"
best defender by steals in 2020,"SELECT p.player_name, SUM(pgt.stl) / pgt.gp AS spg FROM player p JOIN player_general_traditional_total pgt ON p.player_id = pgt.player_id WHERE pgt.season_id = 22020 GROUP BY p.player_name, pgt.gp ORDER BY spg DESC LIMIT 1;"
best shot blocker in 2019,"SELECT p.player_name, SUM(pgt.blk) / pgt.gp AS bpg FROM player p JOIN player_general_traditional_total pgt ON p.player_id = pgt.player_id WHERE pgt.season_id = 22019 GROUP BY p.player_name, pgt.gp ORDER BY bpg DESC LIMIT 1;"
best three point shooter in 2018,"SELECT p.player_name, pgt.fg3_pct FROM player p JOIN player_general_traditional_total pgt ON p.player_id = pgt.player_id WHERE pgt.season_id = 22018 AND pgt.fg3a >= 100 ORDER BY pgt.fg3_pct DESC LIMIT 1;"
best free throw shooter in 2017,"SELECT p.player_name, pgt.ft_pct FROM player p JOIN player_general_traditional_total pgt ON p.player_id = pgt.player_id WHERE pgt.season_id = 22017 AND pgt.fta >= 100 ORDER BY pgt.ft_pct DESC LIMIT 1;"
top rebounder in 1996,"SELECT p.player_name, SUM(pgt.reb) / pgt.gp AS rpg FROM player p JOIN player_general_traditional_total pgt ON p.player_id = pgt.player_id WHERE pgt.season_id = 21996 GROUP BY p.player_name, pgt.gp ORDER BY rpg DESC LIMIT 1;"
best scorer in 2000,"SELECT p.player_name, SUM(pgt.pts) / pgt.gp AS ppg FROM player p JOIN player_general_traditional_total pgt ON p.player_id = pgt.player_id WHERE pgt.season_id = 22000 GROUP BY p.player_name, pgt.gp ORDER BY ppg DESC LIMIT 1;"
LeBron's points per game in 2020,"SELECT p.player_name, SUM(pgt.pts) / pgt.gp AS ppg FROM player p JOIN player_general_traditional_total pgt ON p.player_id = pgt.player_id WHERE pgt.season_id = 22020 AND p.player_name = 'LeBron James' GROUP BY p.player_name, pgt.gp;"
LeBron's rebounds per game in 2021,"SELECT p.player_name, SUM(pgt.reb) / pgt.gp AS rpg FROM player p JOIN player_general_traditional_total pgt ON p.player_id = pgt.player_id WHERE pgt.season_id = 22021 AND p.player_name = 'LeBron James' GROUP BY p.player_name, pgt.gp;"
LeBron's assists per game in 2018,"SELECT p.player_name, SUM(pgt.ast) / pgt.gp AS apg FROM player p JOIN player_general_traditional_total pgt ON p.player_id = pgt.player_id WHERE pgt.season_id = 22018 AND p.player_name = 'LeBron James' GROUP BY p.player_name, pgt.gp;"
Stephen Curry's three pointers made in 2016,"SELECT p.player_name, pgt.fg3m FROM player p JOIN player_general_traditional_total pgt ON p.player_id = pgt.player_id WHERE pgt.season_id = 22016 AND p.player_name = 'Stephen Curry';"
Kevin Durant's field goal percentage in 2019,"SELECT p.player_name, pgt.fg_pct FROM player p JOIN player_general_traditional_total pgt ON p.player_id = pgt.player_id WHERE pgt.season_id = 22019 AND p.player_name = 'Kevin Durant';"
Giannis's blocks per game in 2020,"SELECT p.player_name, SUM(pgt.blk) / pgt.gp AS bpg FROM player p JOIN player_general_traditional_total pgt ON p.player_id = pgt.player_id WHERE pgt.season_id = 22020 AND p.player_name = 'Giannis Antetokounmpo' GROUP BY p.player_name, pgt.gp;"
James Harden's assists in 2019,"SELECT p.player_name, pgt.ast FROM player p JOIN player_general_traditional_total pgt ON p.player_id = pgt.player_id WHERE pgt.season_id = 22019 AND p.player_name = 'James Harden';"
Russell Westbrook's triple doubles in 2017,"SELECT p.player_name, pgt.td3 FROM player p JOIN player_general_traditional_total pgt ON p.player_id = pgt.player_id WHERE pgt.season_id = 22017 AND p.player_name = 'Russell Westbrook';"
Nikola Jokic's stats in 2023,"SELECT p.player_name, pgt.pts, pgt.reb, pgt.ast, pgt.stl, pgt.blk, pgt.fg_pct FROM player p JOIN player_general_traditional_total pgt ON p.player_id = pgt.player_id WHERE pgt.season_id = 22023 AND p.player_name = 'Nikola Jokic';"
Kobe Bryant's points in 2006,"SELECT p.player_name, pgt.pts FROM player p JOIN player_general_traditional_total pgt ON p.player_id = pgt.player_id WHERE pgt.season_id = 22006 AND p.player_name = 'Kobe Bryant';"
Shaquille O'Neal's field goal percentage in 2001,"SELECT p.player_name, pgt.fg_pct FROM player p JOIN player_general_traditional_total pgt ON p.player_id = pgt.player_id WHERE pgt.season_id = 22001 AND p.player_name = 'Shaquille O''Neal';"
Dwyane Wade's steals per game in 2009,"SELECT p.player_name, SUM(pgt.stl) / pgt.gp AS spg FROM player p JOIN player_general_traditional_total pgt ON p.player_id = pgt.player_id WHERE pgt.season_id = 22009 AND p.player_name = 'Dwyane Wade' GROUP BY p.player_name, pgt.gp;"
Tim Duncan's rebounds in 2003,"SELECT p.player_name, pgt.reb FROM player p JOIN player_general_traditional_total pgt ON p.player_id = pgt.player_id WHERE pgt.season_id = 22003 AND p.player_name = 'Tim Duncan';"
Dirk Nowitzki's free throw percentage in 2011,"SELECT p.player_name, pgt.ft_pct FROM player p JOIN player_general_traditional_total pgt ON p.player_id = pgt.player_id WHERE pgt.season_id = 22011 AND p.player_name = 'Dirk Nowitzki';"
Chris Paul's turnovers per game in 2014,"SELECT p.player_name, SUM(pgt.tov) / pgt.gp AS topg FROM player p JOIN player_general_traditional_total pgt ON p.player_id = pgt.player_id WHERE pgt.season_id = 22014 AND p.player_name = 'Chris Paul' GROUP BY p.player_name, pgt.gp;"
Anthony Davis's blocks in 2018,"SELECT p.player_name, pgt.blk FROM player p JOIN player_general_traditional_total pgt ON p.player_id = pgt.player_id WHERE pgt.season_id = 22018 AND p.player_name = 'Anthony Davis';"
Kawhi Leonard's steals in 2016,"SELECT p.player_name, pgt.stl FROM player p JOIN player_general_traditional_total pgt ON p.player_id = pgt.player_id WHERE pgt.season_id = 22016 AND p.player_name = 'Kawhi Leonard';"
all players who scored more than 40 points in a game in 2023,"SELECT DISTINCT p.player_name, pgl.pts, pgl.game_id FROM player p JOIN player_game_log pgl ON p.player_id = pgl.player_id WHERE pgl.season_id = 22023 AND pgl.pts > 40 ORDER BY pgl.pts DESC;"
which players shot over 50% FG in 2018,"SELECT p.player_name, pgt.fg_pct FROM player p JOIN player_general_traditional_total pgt ON p.player_id = pgt.player_id WHERE pgt.season_id = 22018 AND pgt.fg_pct > 0.50 AND pgt.fga >= 200 ORDER BY pgt.fg_pct DESC;"
all players who averaged more than 25 points per game in 2022,"SELECT p.player_name, SUM(pgt.pts) / pgt.gp AS ppg FROM player p JOIN player_general_traditional_total pgt ON p.player_id = pgt.player_id WHERE pgt.season_id = 22022 GROUP BY p.player_name, pgt.gp HAVING ppg > 25 ORDER BY ppg DESC;"
players who grabbed more than 15 rebounds in a game in 2021,"SELECT DISTINCT p.player_name, pgl.reb, pgl.game_id FROM player p JOIN player_game_log pgl ON p.player_id = pgl.player_id WHERE pgl.season_id = 22021 AND pgl.reb > 15 ORDER BY pgl.reb DESC;"
players who dished out more than 15 assists in a game in 2020,"SELECT DISTINCT p.player_name, pgl.ast, pgl.game_id FROM player p JOIN player_game_log pgl ON p.player_id = pgl.player_id WHERE pgl.season_id = 22020 AND pgl.ast > 15 ORDER BY pgl.ast DESC;"
players who had more than 5 steals in a game in 2019,"SELECT DISTINCT p.player_name, pgl.stl, pgl.game_id FROM player p JOIN player_game_log pgl ON p.player_id = pgl.player_id WHERE pgl.season_id = 22019 AND pgl.stl > 5 ORDER BY pgl.stl DESC;"
players who blocked more than 7 shots in a game in 2018,"SELECT DISTINCT p.player_name, pgl.blk, pgl.game_id FROM player p JOIN player_game_log pgl ON p.player_id = pgl.player_id WHERE pgl.season_id = 22018 AND pgl.blk > 7 ORDER BY pgl.blk DESC;"
all players who shot over 45% from three in 2017,"SELECT p.player_name, pgt.fg3_pct FROM player p JOIN player_general_traditional_total pgt ON p.player_id = pgt.player_id WHERE pgt.season_id = 22017 AND pgt.fg3_pct > 0.45 AND pgt.fg3a >= 82 ORDER BY pgt.fg3_pct DESC;"
players who averaged more than 10 assists per game in 2016,"SELECT p.player_name, SUM(pgt.ast) / pgt.gp AS apg FROM player p JOIN player_general_traditional_total pgt ON p.player_id = pgt.player_id WHERE pgt.season_id = 22016 GROUP BY p.player_name, pgt.gp HAVING apg > 10 ORDER BY apg DESC;"
players who had a triple double in 2023,"SELECT DISTINCT p.player_name, pgl.pts, pgl.reb, pgl.ast, pgl.game_id FROM player p JOIN player_game_log pgl ON p.player_id = pgl.player_id WHERE pgl.season_id = 22023 AND pgl.td3 = 1;"
players who played more than 82 games in 2022,"SELECT p.player_name, pgt.gp FROM player p JOIN player_general_traditional_total pgt ON p.player_id = pgt.player_id WHERE pgt.season_id = 22022 AND pgt.gp > 82 ORDER BY pgt.gp DESC;"
players who had a plus minus over 500 in 2021,"SELECT p.player_name, pgt.plus_minus FROM player p JOIN player_general_traditional_total pgt ON p.player_id = pgt.player_id WHERE pgt.season_id = 22021 AND pgt.plus_minus > 500 ORDER BY pgt.plus_minus DESC;"
players who scored 50 or more points in a game in 2020,"SELECT DISTINCT p.player_name, pgl.pts, pgl.game_id FROM player p JOIN player_game_log pgl ON p.player_id = pgl.player_id WHERE pgl.season_id = 22020 AND pgl.pts >= 50 ORDER BY pgl.pts DESC;"
players who made more than 10 three pointers in a game in 2019,"SELECT DISTINCT p.player_name, pgl.fg3m, pgl.game_id FROM player p JOIN player_game_log pgl ON p.player_id = pgl.player_id WHERE pgl.season_id = 22019 AND pgl.fg3m > 10 ORDER BY pgl.fg3m DESC;"
what is the Lakers record in 2023,"SELECT t.nickname, COUNT(CASE WHEN pgl.wl = 'W' THEN 1 END) AS wins, COUNT(CASE WHEN pgl.wl = 'L' THEN 1 END) AS losses FROM team t JOIN player_game_log pgl ON t.team_id = pgl.team_id WHERE pgl.season_id = 22023 AND t.nickname = 'Lakers' GROUP BY t.nickname, pgl.game_id HAVING COUNT(pgl.player_id) = (SELECT COUNT(player_id) FROM player_game_log WHERE game_id = pgl.game_id AND team_id = pgl.team_id);"
what is the Celtics record in 2024,"SELECT t.nickname, SUM(CASE WHEN pgl.wl = 'W' THEN 1 ELSE 0 END) AS wins, SUM(CASE WHEN pgl.wl = 'L' THEN 1 ELSE 0 END) AS losses FROM team t JOIN player_game_log pgl ON t.team_id = pgl.team_id WHERE pgl.season_id = 22024 AND t.nickname = 'Celtics' GROUP BY t.nickname, pgl.game_id;"
what is the Warriors record in 2022,"SELECT t.nickname, SUM(CASE WHEN pgl.wl = 'W' THEN 1 ELSE 0 END) AS wins, SUM(CASE WHEN pgl.wl = 'L' THEN 1 ELSE 0 END) AS losses FROM team t JOIN player_game_log pgl ON t.team_id = pgl.team_id WHERE pgl.season_id = 22022 AND t.nickname = 'Warriors' GROUP BY t.nickname, pgl.game_id;"
what is the Bulls record in 1996,"SELECT t.nickname, SUM(CASE WHEN pgl.wl = 'W' THEN 1 ELSE 0 END) AS wins, SUM(CASE WHEN pgl.wl = 'L' THEN 1 ELSE 0 END) AS losses FROM team t JOIN player_game_log pgl ON t.team_id = pgl.team_id WHERE pgl.season_id = 21996 AND t.nickname = 'Bulls' GROUP BY t.nickname, pgl.game_id;"
what is the Heat record in 2013,"SELECT t.nickname, SUM(CASE WHEN pgl.wl = 'W' THEN 1 ELSE 0 END) AS wins, SUM(CASE WHEN pgl.wl = 'L' THEN 1 ELSE 0 END) AS losses FROM team t JOIN player_game_log pgl ON t.team_id = pgl.team_id WHERE pgl.season_id = 22013 AND t.nickname = 'Heat' GROUP BY t.nickname, pgl.game_id;"
which team had the most points in 2023,"SELECT t.nickname, SUM(pgl.pts) AS total_points FROM team t JOIN player_game_log pgl ON t.team_id = pgl.team_id WHERE pgl.season_id = 22023 GROUP BY t.nickname ORDER BY total_points DESC LIMIT 1;"
which team had the most steals in 2004,"SELECT t.nickname, SUM(pgl.stl) AS total_steals FROM team t JOIN player_game_log pgl ON t.team_id = pgl.team_id WHERE pgl.season_id = 22004 GROUP BY t.nickname ORDER BY total_steals DESC LIMIT 1;"
which team had the most blocks in 2015,"SELECT t.nickname, SUM(pgl.blk) AS total_blocks FROM team t JOIN player_game_log pgl ON t.team_id = pgl.team_id WHERE pgl.season_id = 22015 GROUP BY t.nickname ORDER BY total_blocks DESC LIMIT 1;"
which team had the most rebounds in 2018,"SELECT t.nickname, SUM(pgl.reb) AS total_rebounds FROM team t JOIN player_game_log pgl ON t.team_id = pgl.team_id WHERE pgl.season_id = 22018 GROUP BY t.nickname ORDER BY total_rebounds DESC LIMIT 1;"
which team had the most assists in 2020,"SELECT t.nickname, SUM(pgl.ast) AS total_assists FROM team t JOIN player_game_log pgl ON t.team_id = pgl.team_id WHERE pgl.season_id = 22020 GROUP BY t.nickname ORDER BY total_assists DESC LIMIT 1;"
top 5 teams by scoring in 2022,"SELECT t.nickname, SUM(pgl.pts) AS total_points FROM team t JOIN player_game_log pgl ON t.team_id = pgl.team_id WHERE pgl.season_id = 22022 GROUP BY t.nickname ORDER BY total_points DESC LIMIT 5;"
top 5 teams by assists in 2021,"SELECT t.nickname, SUM(pgl.ast) AS total_assists FROM team t JOIN player_game_log pgl ON t.team_id = pgl.team_id WHERE pgl.season_id = 22021 GROUP BY t.nickname ORDER BY total_assists DESC LIMIT 5;"
top 3 teams by blocks in 2019,"SELECT t.nickname, SUM(pgl.blk) AS total_blocks FROM team t JOIN player_game_log pgl ON t.team_id = pgl.team_id WHERE pgl.season_id = 22019 GROUP BY t.nickname ORDER BY total_blocks DESC LIMIT 3;"
top 5 teams by three pointers made in 2016,"SELECT t.nickname, SUM(pgl.fg3m) AS total_threes FROM team t JOIN player_game_log pgl ON t.team_id = pgl.team_id WHERE pgl.season_id = 22016 GROUP BY t.nickname ORDER BY total_threes DESC LIMIT 5;"
team with the best win percentage in 2023,"SELECT t.nickname, SUM(CASE WHEN pgl.wl = 'W' THEN 1 ELSE 0 END) * 1.0 / COUNT(DISTINCT pgl.game_id) AS win_pct FROM team t JOIN player_game_log pgl ON t.team_id = pgl.team_id WHERE pgl.season_id = 22023 GROUP BY t.nickname ORDER BY win_pct DESC LIMIT 1;"
team with the worst record in 2022,"SELECT t.nickname, SUM(CASE WHEN pgl.wl = 'W' THEN 1 ELSE 0 END) * 1.0 / COUNT(DISTINCT pgl.game_id) AS win_pct FROM team t JOIN player_game_log pgl ON t.team_id = pgl.team_id WHERE pgl.season_id = 22022 GROUP BY t.nickname ORDER BY win_pct ASC LIMIT 1;"
which team had the fewest turnovers in 2021,"SELECT t.nickname, SUM(pgl.tov) AS total_turnovers FROM team t JOIN player_game_log pgl ON t.team_id = pgl.team_id WHERE pgl.season_id = 22021 GROUP BY t.nickname ORDER BY total_turnovers ASC LIMIT 1;"
which team had the most turnovers in 2020,"SELECT t.nickname, SUM(pgl.tov) AS total_turnovers FROM team t JOIN player_game_log pgl ON t.team_id = pgl.team_id WHERE pgl.season_id = 22020 GROUP BY t.nickname ORDER BY total_turnovers DESC LIMIT 1;"
Knicks record in 2000,"SELECT t.nickname, SUM(CASE WHEN pgl.wl = 'W' THEN 1 ELSE 0 END) AS wins, SUM(CASE WHEN pgl.wl = 'L' THEN 1 ELSE 0 END) AS losses FROM team t JOIN player_game_log pgl ON t.team_id = pgl.team_id WHERE pgl.season_id = 22000 AND t.nickname = 'Knicks' GROUP BY t.nickname, pgl.game_id;"
Spurs record in 2005,"SELECT t.nickname, SUM(CASE WHEN pgl.wl = 'W' THEN 1 ELSE 0 END) AS wins, SUM(CASE WHEN pgl.wl = 'L' THEN 1 ELSE 0 END) AS losses FROM team t JOIN player_game_log pgl ON t.team_id = pgl.team_id WHERE pgl.season_id = 22005 AND t.nickname = 'Spurs' GROUP BY t.nickname, pgl.game_id;"
Pistons record in 2004,"SELECT t.nickname, SUM(CASE WHEN pgl.wl = 'W' THEN 1 ELSE 0 END) AS wins, SUM(CASE WHEN pgl.wl = 'L' THEN 1 ELSE 0 END) AS losses FROM team t JOIN player_game_log pgl ON t.team_id = pgl.team_id WHERE pgl.season_id = 22004 AND t.nickname = 'Pistons' GROUP BY t.nickname, pgl.game_id;"
highest scoring game in 2023,"SELECT pgl.game_id, g.date, SUM(pgl.pts) AS total_points FROM player_game_log pgl JOIN game g ON pgl.game_id = g.game_id WHERE pgl.season_id = 22023 GROUP BY pgl.game_id, g.date ORDER BY total_points DESC LIMIT 1;"
highest scoring game in 2022,"SELECT pgl.game_id, g.date, SUM(pgl.pts) AS total_points FROM player_game_log pgl JOIN game g ON pgl.game_id = g.game_id WHERE pgl.season_id = 22022 GROUP BY pgl.game_id, g.date ORDER BY total_points DESC LIMIT 1;"
lowest scoring game in 2021,"SELECT pgl.game_id, g.date, SUM(pgl.pts) AS total_points FROM player_game_log pgl JOIN game g ON pgl.game_id = g.game_id WHERE pgl.season_id = 22021 GROUP BY pgl.game_id, g.date ORDER BY total_points ASC LIMIT 1;"
game with the most rebounds in 2020,"SELECT pgl.game_id, g.date, SUM(pgl.reb) AS total_rebounds FROM player_game_log pgl JOIN game g ON pgl.game_id = g.game_id WHERE pgl.season_id = 22020 GROUP BY pgl.game_id, g.date ORDER BY total_rebounds DESC LIMIT 1;"
game with the most assists in 2019,"SELECT pgl.game_id, g.date, SUM(pgl.ast) AS total_assists FROM player_game_log pgl JOIN game g ON pgl.game_id = g.game_id WHERE pgl.season_id = 22019 GROUP BY pgl.game_id, g.date ORDER BY total_assists DESC LIMIT 1;"
game with the most three pointers in 2018,"SELECT pgl.game_id, g.date, SUM(pgl.fg3m) AS total_threes FROM player_game_log pgl JOIN game g ON pgl.game_id = g.game_id WHERE pgl.season_id = 22018 GROUP BY pgl.game_id, g.date ORDER BY total_threes DESC LIMIT 1;"
game with the most turnovers in 2017,"SELECT pgl.game_id, g.date, SUM(pgl.tov) AS total_turnovers FROM player_game_log pgl JOIN game g ON pgl.game_id = g.game_id WHERE pgl.season_id = 22017 GROUP BY pgl.game_id, g.date ORDER BY total_turnovers DESC LIMIT 1;"
highest scoring game this season,"SELECT pgl.game_id, g.date, SUM(pgl.pts) AS total_points FROM player_game_log pgl JOIN game g ON pgl.game_id = g.game_id WHERE pgl.season_id = (SELECT MAX(season_id) FROM player_game_log) GROUP BY pgl.game_id, g.date ORDER BY total_points DESC LIMIT 1;"
top 5 highest scoring games all time,"SELECT pgl.game_id, g.date, SUM(pgl.pts) AS total_points FROM player_game_log pgl JOIN game g ON pgl.game_id = g.game_id GROUP BY pgl.game_id, g.date ORDER BY total_points DESC LIMIT 5;"
who won MVP in 2020,"SELECT p.player_name FROM player p JOIN awards a ON p.player_id = a.player_id WHERE a.season_id = 22020 AND a.award = 'MVP';"
who won MVP in 2023,"SELECT p.player_name FROM player p JOIN awards a ON p.player_id = a.player_id WHERE a.season_id = 22023 AND a.award = 'MVP';"
who won MVP in 2016,"SELECT p.player_name FROM player p JOIN awards a ON p.player_id = a.player_id WHERE a.season_id = 22016 AND a.award = 'MVP';"
who won Defensive Player of the Year in 2022,"SELECT p.player_name FROM player p JOIN awards a ON p.player_id = a.player_id WHERE a.season_id = 22022 AND a.award = 'DPOY';"
who won Defensive Player of the Year in 2019,"SELECT p.player_name FROM player p JOIN awards a ON p.player_id = a.player_id WHERE a.season_id = 22019 AND a.award = 'DPOY';"
who won Rookie of the Year in 2021,"SELECT p.player_name FROM player p JOIN awards a ON p.player_id = a.player_id WHERE a.season_id = 22021 AND a.award = 'ROY';"
who won Rookie of the Year in 2018,"SELECT p.player_name FROM player p JOIN awards a ON p.player_id = a.player_id WHERE a.season_id = 22018 AND a.award = 'ROY';"
who won Sixth Man of the Year in 2023,"SELECT p.player_name FROM player p JOIN awards a ON p.player_id = a.player_id WHERE a.season_id = 22023 AND a.award = 'Sixth Man';"
who won Most Improved Player in 2022,"SELECT p.player_name FROM player p JOIN awards a ON p.player_id = a.player_id WHERE a.season_id = 22022 AND a.award = 'MIP';"
all All-Stars in 2020,"SELECT p.player_name FROM player p JOIN awards a ON p.player_id = a.player_id WHERE a.season_id = 22020 AND a.award = 'All-Star' ORDER BY p.player_name;"
all All-Stars in 2023,"SELECT p.player_name FROM player p JOIN awards a ON p.player_id = a.player_id WHERE a.season_id = 22023 AND a.award = 'All-Star' ORDER BY p.player_name;"
all All-NBA players in 2022,"SELECT p.player_name, a.award FROM player p JOIN awards a ON p.player_id = a.player_id WHERE a.season_id = 22022 AND a.award LIKE 'All-NBA%' ORDER BY a.award, p.player_name;"
who won All-NBA First Team in 2021,"SELECT p.player_name FROM player p JOIN awards a ON p.player_id = a.player_id WHERE a.season_id = 22021 AND a.award = 'All-NBA First Team';"
who won Finals MVP in 2016,"SELECT p.player_name FROM player p JOIN awards a ON p.player_id = a.player_id WHERE a.season_id = 22016 AND a.award = 'Finals MVP';"
who won Finals MVP in 2023,"SELECT p.player_name FROM player p JOIN awards a ON p.player_id = a.player_id WHERE a.season_id = 22023 AND a.award = 'Finals MVP';"
who won Scoring Title in 2020,"SELECT p.player_name FROM player p JOIN awards a ON p.player_id = a.player_id WHERE a.season_id = 22020 AND a.award = 'Scoring Title';"
all award winners in 2019,"SELECT p.player_name, a.award FROM player p JOIN awards a ON p.player_id = a.player_id WHERE a.season_id = 22019 ORDER BY a.award;"
how many awards has LeBron James won,"SELECT COUNT(*) AS total_awards FROM player p JOIN awards a ON p.player_id = a.player_id WHERE p.player_name = 'LeBron James';"
all awards won by Giannis,"SELECT a.award, a.season_id FROM player p JOIN awards a ON p.player_id = a.player_id WHERE p.player_name = 'Giannis Antetokounmpo' ORDER BY a.season_id;"
players who have scored over 20000 career points,"SELECT p.player_name, pct.total_pts FROM player p JOIN player_career_totals pct ON p.player_id = pct.player_id WHERE pct.total_pts > 20000 ORDER BY pct.total_pts DESC;"
players who have scored over 30000 career points,"SELECT p.player_name, pct.total_pts FROM player p JOIN player_career_totals pct ON p.player_id = pct.player_id WHERE pct.total_pts > 30000 ORDER BY pct.total_pts DESC;"
players with over 10000 career rebounds,"SELECT p.player_name, pct.total_reb FROM player p JOIN player_career_totals pct ON p.player_id = pct.player_id WHERE pct.total_reb > 10000 ORDER BY pct.total_reb DESC;"
players with over 10000 career assists,"SELECT p.player_name, pct.total_ast FROM player p JOIN player_career_totals pct ON p.player_id = pct.player_id WHERE pct.total_ast > 10000 ORDER BY pct.total_ast DESC;"
players with over 3000 career steals,"SELECT p.player_name, pct.total_stl FROM player p JOIN player_career_totals pct ON p.player_id = pct.player_id WHERE pct.total_stl > 3000 ORDER BY pct.total_stl DESC;"
players with over 3000 career blocks,"SELECT p.player_name, pct.total_blk FROM player p JOIN player_career_totals pct ON p.player_id = pct.player_id WHERE pct.total_blk > 3000 ORDER BY pct.total_blk DESC;"
players who played over 1500 career games,"SELECT p.player_name, pct.total_gp FROM player p JOIN player_career_totals pct ON p.player_id = pct.player_id WHERE pct.total_gp > 1500 ORDER BY pct.total_gp DESC;"
players who have made over 2000 career three pointers,"SELECT p.player_name, pct.total_fg3m FROM player p JOIN player_career_totals pct ON p.player_id = pct.player_id WHERE pct.total_fg3m > 2000 ORDER BY pct.total_fg3m DESC;"
players who played more than 15 seasons,"SELECT p.player_name, pct.seasons_played FROM player p JOIN player_career_totals pct ON p.player_id = pct.player_id WHERE pct.seasons_played > 15 ORDER BY pct.seasons_played DESC;"
players with over 25000 career minutes played,"SELECT p.player_name, pct.total_min FROM player p JOIN player_career_totals pct ON p.player_id = pct.player_id WHERE pct.total_min > 25000 ORDER BY pct.total_min DESC;"
highest career ppg in NBA history,"SELECT p.player_name, pct.career_ppg FROM player p JOIN player_career_totals pct ON p.player_id = pct.player_id ORDER BY pct.career_ppg DESC LIMIT 1;"
highest career rpg in NBA history,"SELECT p.player_name, pct.career_rpg FROM player p JOIN player_career_totals pct ON p.player_id = pct.player_id ORDER BY pct.career_rpg DESC LIMIT 1;"
highest career apg in NBA history,"SELECT p.player_name, pct.career_apg FROM player p JOIN player_career_totals pct ON p.player_id = pct.player_id ORDER BY pct.career_apg DESC LIMIT 1;"
highest ppg player in NBA history,"SELECT p.player_name, pct.career_ppg FROM player p JOIN player_career_totals pct ON p.player_id = pct.player_id ORDER BY pct.career_ppg DESC LIMIT 1;"
all time leading scorer in NBA history,"SELECT p.player_name, pct.total_pts FROM player p JOIN player_career_totals pct ON p.player_id = pct.player_id ORDER BY pct.total_pts DESC LIMIT 1;"
all time leading rebounder in NBA history,"SELECT p.player_name, pct.total_reb FROM player p JOIN player_career_totals pct ON p.player_id = pct.player_id ORDER BY pct.total_reb DESC LIMIT 1;"
all time leading assister in NBA history,"SELECT p.player_name, pct.total_ast FROM player p JOIN player_career_totals pct ON p.player_id = pct.player_id ORDER BY pct.total_ast DESC LIMIT 1;"
all time steal leader in NBA history,"SELECT p.player_name, pct.total_stl FROM player p JOIN player_career_totals pct ON p.player_id = pct.player_id ORDER BY pct.total_stl DESC LIMIT 1;"
all time block leader in NBA history,"SELECT p.player_name, pct.total_blk FROM player p JOIN player_career_totals pct ON p.player_id = pct.player_id ORDER BY pct.total_blk DESC LIMIT 1;"
who scored more points LeBron or Jordan,"SELECT p.player_name, pct.career_ppg FROM player p JOIN player_career_totals pct ON p.player_id = pct.player_id WHERE p.player_name IN ('LeBron James', 'Michael Jordan') ORDER BY pct.career_ppg DESC;"
who has more career points LeBron or Kareem,"SELECT p.player_name, pct.total_pts FROM player p JOIN player_career_totals pct ON p.player_id = pct.player_id WHERE p.player_name IN ('LeBron James', 'Kareem Abdul-Jabbar') ORDER BY pct.total_pts DESC;"
compare rebounds per game LeBron vs Giannis,"SELECT p.player_name, pct.career_rpg FROM player p JOIN player_career_totals pct ON p.player_id = pct.player_id WHERE p.player_name IN ('LeBron James', 'Giannis Antetokounmpo') ORDER BY pct.career_rpg DESC;"
who has more career assists Magic Johnson or John Stockton,"SELECT p.player_name, pct.total_ast FROM player p JOIN player_career_totals pct ON p.player_id = pct.player_id WHERE p.player_name IN ('Magic Johnson', 'John Stockton') ORDER BY pct.total_ast DESC;"
compare career points Kobe vs MJ,"SELECT p.player_name, pct.total_pts, pct.career_ppg FROM player p JOIN player_career_totals pct ON p.player_id = pct.player_id WHERE p.player_name IN ('Kobe Bryant', 'Michael Jordan') ORDER BY pct.career_ppg DESC;"
who averaged more points in 2020 LeBron or Anthony Davis,"SELECT p.player_name, SUM(pgt.pts) / pgt.gp AS ppg FROM player p JOIN player_general_traditional_total pgt ON p.player_id = pgt.player_id WHERE pgt.season_id = 22020 AND p.player_name IN ('LeBron James', 'Anthony Davis') GROUP BY p.player_name, pgt.gp ORDER BY ppg DESC;"
compare steals per game Kawhi vs Gary Payton career,"SELECT p.player_name, pct.career_spg FROM player p JOIN player_career_totals pct ON p.player_id = pct.player_id WHERE p.player_name IN ('Kawhi Leonard', 'Gary Payton') ORDER BY pct.career_spg DESC;"
compare blocks per game Shaq vs Hakeem career,"SELECT p.player_name, pct.career_bpg FROM player p JOIN player_career_totals pct ON p.player_id = pct.player_id WHERE p.player_name IN ('Shaquille O''Neal', 'Hakeem Olajuwon') ORDER BY pct.career_bpg DESC;"
who had more rebounds in 2022 Giannis or Nikola Jokic,"SELECT p.player_name, SUM(pgt.reb) / pgt.gp AS rpg FROM player p JOIN player_general_traditional_total pgt ON p.player_id = pgt.player_id WHERE pgt.season_id = 22022 AND p.player_name IN ('Giannis Antetokounmpo', 'Nikola Jokic') GROUP BY p.player_name, pgt.gp ORDER BY rpg DESC;"
who had more assists in 2019 James Harden or Russell Westbrook,"SELECT p.player_name, SUM(pgt.ast) / pgt.gp AS apg FROM player p JOIN player_general_traditional_total pgt ON p.player_id = pgt.player_id WHERE pgt.season_id = 22019 AND p.player_name IN ('James Harden', 'Russell Westbrook') GROUP BY p.player_name, pgt.gp ORDER BY apg DESC;"
top 5 all time scorers in NBA history,"SELECT p.player_name, pct.total_pts FROM player p JOIN player_career_totals pct ON p.player_id = pct.player_id ORDER BY pct.total_pts DESC LIMIT 5;"
top 10 all time scorers in NBA history,"SELECT p.player_name, pct.total_pts FROM player p JOIN player_career_totals pct ON p.player_id = pct.player_id ORDER BY pct.total_pts DESC LIMIT 10;"
top 5 all time rebounders in NBA history,"SELECT p.player_name, pct.total_reb FROM player p JOIN player_career_totals pct ON p.player_id = pct.player_id ORDER BY pct.total_reb DESC LIMIT 5;"
top 10 all time assist leaders in NBA history,"SELECT p.player_name, pct.total_ast FROM player p JOIN player_career_totals pct ON p.player_id = pct.player_id ORDER BY pct.total_ast DESC LIMIT 10;"
top 5 all time steal leaders,"SELECT p.player_name, pct.total_stl FROM player p JOIN player_career_totals pct ON p.player_id = pct.player_id ORDER BY pct.total_stl DESC LIMIT 5;"
top 5 all time block leaders,"SELECT p.player_name, pct.total_blk FROM player p JOIN player_career_totals pct ON p.player_id = pct.player_id ORDER BY pct.total_blk DESC LIMIT 5;"
top 10 career ppg leaders in NBA history,"SELECT p.player_name, pct.career_ppg FROM player p JOIN player_career_totals pct ON p.player_id = pct.player_id ORDER BY pct.career_ppg DESC LIMIT 10;"
top 5 career rpg leaders in NBA history,"SELECT p.player_name, pct.career_rpg FROM player p JOIN player_career_totals pct ON p.player_id = pct.player_id ORDER BY pct.career_rpg DESC LIMIT 5;"
top 5 career apg leaders in NBA history,"SELECT p.player_name, pct.career_apg FROM player p JOIN player_career_totals pct ON p.player_id = pct.player_id ORDER BY pct.career_apg DESC LIMIT 5;"
LeBron James career stats,"SELECT p.player_name, pct.career_ppg, pct.career_rpg, pct.career_apg, pct.career_spg, pct.career_bpg, pct.total_pts, pct.seasons_played, pct.total_gp FROM player p JOIN player_career_totals pct ON p.player_id = pct.player_id WHERE p.player_name = 'LeBron James';"
Kobe Bryant career stats,"SELECT p.player_name, pct.career_ppg, pct.career_rpg, pct.career_apg, pct.career_spg, pct.career_bpg, pct.total_pts, pct.seasons_played, pct.total_gp FROM player p JOIN player_career_totals pct ON p.player_id = pct.player_id WHERE p.player_name = 'Kobe Bryant';"
Michael Jordan career stats,"SELECT p.player_name, pct.career_ppg, pct.career_rpg, pct.career_apg, pct.career_spg, pct.career_bpg, pct.total_pts, pct.seasons_played, pct.total_gp FROM player p JOIN player_career_totals pct ON p.player_id = pct.player_id WHERE p.player_name = 'Michael Jordan';"
Stephen Curry career three point stats,"SELECT p.player_name, pct.total_fg3m, pct.total_fg3a, pct.career_fg3_pct FROM player p JOIN player_career_totals pct ON p.player_id = pct.player_id WHERE p.player_name = 'Stephen Curry';"
which players were drafted in 1996,"SELECT player_name, draft_round, draft_number FROM player WHERE draft_year = 1996 ORDER BY draft_round, draft_number;"
which players were drafted first overall,"SELECT player_name, draft_year FROM player WHERE draft_number = 1 ORDER BY draft_year;"
which players went undrafted,"SELECT player_name, draft_year FROM player WHERE draft_number = 'Undrafted' ORDER BY player_name;"
how many players came from Duke,"SELECT COUNT(*) AS player_count FROM player WHERE college = 'Duke';"
players from Kentucky,"SELECT player_name FROM player WHERE college = 'Kentucky' ORDER BY player_name;"
players from international countries,"SELECT player_name, country FROM player WHERE country != 'USA' ORDER BY country, player_name;"
players born in France,"SELECT player_name FROM player WHERE country = 'France' ORDER BY player_name;"
players drafted in the first round in 2003,"SELECT player_name, draft_number FROM player WHERE draft_year = 2003 AND draft_round = 1 ORDER BY draft_number;"
LeBron's best scoring season,"SELECT p.player_name, pgt.season_id, SUM(pgt.pts) / pgt.gp AS ppg FROM player p JOIN player_general_traditional_total pgt ON p.player_id = pgt.player_id WHERE p.player_name = 'LeBron James' GROUP BY p.player_name, pgt.season_id, pgt.gp ORDER BY ppg DESC LIMIT 1;"
Kobe Bryant's highest scoring season,"SELECT p.player_name, pgt.season_id, SUM(pgt.pts) / pgt.gp AS ppg FROM player p JOIN player_general_traditional_total pgt ON p.player_id = pgt.player_id WHERE p.player_name = 'Kobe Bryant' GROUP BY p.player_name, pgt.season_id, pgt.gp ORDER BY ppg DESC LIMIT 1;"
Stephen Curry's best three point season,"SELECT p.player_name, pgt.season_id, pgt.fg3m FROM player p JOIN player_general_traditional_total pgt ON p.player_id = pgt.player_id WHERE p.player_name = 'Stephen Curry' ORDER BY pgt.fg3m DESC LIMIT 1;"
how many seasons has LeBron played,"SELECT p.player_name, pct.seasons_played FROM player p JOIN player_career_totals pct ON p.player_id = pct.player_id WHERE p.player_name = 'LeBron James';"
LeBron's first and last season,"SELECT p.player_name, pct.first_season, pct.last_season FROM player p JOIN player_career_totals pct ON p.player_id = pct.player_id WHERE p.player_name = 'LeBron James';"
top 5 players by net rating in 2023,"SELECT p.player_name, ps.net_rating FROM player p JOIN player_season ps ON p.player_id = ps.player_id WHERE ps.season_id = 22023 ORDER BY ps.net_rating DESC LIMIT 5;"
top 5 players by usage rate in 2022,"SELECT p.player_name, ps.usg_pct FROM player p JOIN player_season ps ON p.player_id = ps.player_id WHERE ps.season_id = 22022 ORDER BY ps.usg_pct DESC LIMIT 5;"
top 5 players by true shooting percentage in 2021,"SELECT p.player_name, ps.ts_pct FROM player p JOIN player_season ps ON p.player_id = ps.player_id WHERE ps.season_id = 22021 AND ps.gp >= 40 ORDER BY ps.ts_pct DESC LIMIT 5;"
top 5 players by assist percentage in 2020,"SELECT p.player_name, ps.ast_pct FROM player p JOIN player_season ps ON p.player_id = ps.player_id WHERE ps.season_id = 22020 ORDER BY ps.ast_pct DESC LIMIT 5;"
players with negative net rating in 2023,"SELECT p.player_name, ps.net_rating FROM player p JOIN player_season ps ON p.player_id = ps.player_id WHERE ps.season_id = 22023 AND ps.net_rating < 0 ORDER BY ps.net_rating ASC;"
tallest players in the NBA in 2022,"SELECT p.player_name, ps.player_height, ps.player_height_inches FROM player p JOIN player_season ps ON p.player_id = ps.player_id WHERE ps.season_id = 22022 ORDER BY ps.player_height_inches DESC LIMIT 10;"
heaviest players in the NBA in 2021,"SELECT p.player_name, ps.player_weight FROM player p JOIN player_season ps ON p.player_id = ps.player_id WHERE ps.season_id = 22021 ORDER BY ps.player_weight DESC LIMIT 10;"
players who averaged a double double in 2023,"SELECT p.player_name, SUM(pgt.pts) / pgt.gp AS ppg, SUM(pgt.reb) / pgt.gp AS rpg FROM player p JOIN player_general_traditional_total pgt ON p.player_id = pgt.player_id WHERE pgt.season_id = 22023 GROUP BY p.player_name, pgt.gp HAVING (ppg >= 10 AND rpg >= 10) OR (ppg >= 10 AND SUM(pgt.ast) / pgt.gp >= 10) ORDER BY ppg DESC;"
players who scored at least 20 points per game and shot over 50% in 2022,"SELECT p.player_name, SUM(pgt.pts) / pgt.gp AS ppg, pgt.fg_pct FROM player p JOIN player_general_traditional_total pgt ON p.player_id = pgt.player_id WHERE pgt.season_id = 22022 GROUP BY p.player_name, pgt.gp, pgt.fg_pct HAVING ppg >= 20 AND pgt.fg_pct > 0.50 ORDER BY ppg DESC;"
players averaging 20 points 10 rebounds and 5 assists in 2021,"SELECT p.player_name, SUM(pgt.pts)/pgt.gp AS ppg, SUM(pgt.reb)/pgt.gp AS rpg, SUM(pgt.ast)/pgt.gp AS apg FROM player p JOIN player_general_traditional_total pgt ON p.player_id = pgt.player_id WHERE pgt.season_id = 22021 GROUP BY p.player_name, pgt.gp HAVING ppg >= 20 AND rpg >= 10 AND apg >= 5 ORDER BY ppg DESC;"
which player scored the most points in a single game in 2023,"SELECT p.player_name, pgl.pts, pgl.game_id, g.date FROM player p JOIN player_game_log pgl ON p.player_id = pgl.player_id JOIN game g ON pgl.game_id = g.game_id WHERE pgl.season_id = 22023 ORDER BY pgl.pts DESC LIMIT 1;"
which player had the most rebounds in a single game in 2022,"SELECT p.player_name, pgl.reb, pgl.game_id, g.date FROM player p JOIN player_game_log pgl ON p.player_id = pgl.player_id JOIN game g ON pgl.game_id = g.game_id WHERE pgl.season_id = 22022 ORDER BY pgl.reb DESC LIMIT 1;"
which player had the most assists in a single game in 2021,"SELECT p.player_name, pgl.ast, pgl.game_id, g.date FROM player p JOIN player_game_log pgl ON p.player_id = pgl.player_id JOIN game g ON pgl.game_id = g.game_id WHERE pgl.season_id = 22021 ORDER BY pgl.ast DESC LIMIT 1;"
which player had the most blocks in a single game in 2020,"SELECT p.player_name, pgl.blk, pgl.game_id, g.date FROM player p JOIN player_game_log pgl ON p.player_id = pgl.player_id JOIN game g ON pgl.game_id = g.game_id WHERE pgl.season_id = 22020 ORDER BY pgl.blk DESC LIMIT 1;"
which player had the most steals in a single game in 2019,"SELECT p.player_name, pgl.stl, pgl.game_id, g.date FROM player p JOIN player_game_log pgl ON p.player_id = pgl.player_id JOIN game g ON pgl.game_id = g.game_id WHERE pgl.season_id = 22019 ORDER BY pgl.stl DESC LIMIT 1;"
LeBron James game log 2020,"SELECT g.date, pgl.pts, pgl.reb, pgl.ast, pgl.stl, pgl.blk, pgl.fg_pct, pgl.wl FROM player p JOIN player_game_log pgl ON p.player_id = pgl.player_id JOIN game g ON pgl.game_id = g.game_id WHERE p.player_name = 'LeBron James' AND pgl.season_id = 22020 ORDER BY g.date;"
how many games did the Celtics play in 2023,"SELECT t.nickname, COUNT(DISTINCT pgl.game_id) AS games_played FROM team t JOIN player_game_log pgl ON t.team_id = pgl.team_id WHERE pgl.season_id = 22023 AND t.nickname = 'Celtics' GROUP BY t.nickname;"
which team scored the most in a single game in 2022,"SELECT t.nickname, pgl.game_id, g.date, SUM(pgl.pts) AS team_pts FROM team t JOIN player_game_log pgl ON t.team_id = pgl.team_id JOIN game g ON pgl.game_id = g.game_id WHERE pgl.season_id = 22022 GROUP BY t.nickname, pgl.game_id, g.date ORDER BY team_pts DESC LIMIT 1;"
Lakers scoring average per game in 2023,"SELECT t.nickname, SUM(pgl.pts) * 1.0 / COUNT(DISTINCT pgl.game_id) AS ppg FROM team t JOIN player_game_log pgl ON t.team_id = pgl.team_id WHERE pgl.season_id = 22023 AND t.nickname = 'Lakers' GROUP BY t.nickname;"
how many total points did the Warriors score in 2022,"SELECT t.nickname, SUM(pgl.pts) AS total_points FROM team t JOIN player_game_log pgl ON t.team_id = pgl.team_id WHERE pgl.season_id = 22022 AND t.nickname = 'Warriors' GROUP BY t.nickname;"
which team was founded earliest,"SELECT nickname, city, year_founded FROM team ORDER BY year_founded ASC LIMIT 1;"
when was the Lakers franchise founded,"SELECT nickname, city, year_founded FROM team WHERE nickname = 'Lakers';"
all teams founded before 1950,"SELECT nickname, city, year_founded FROM team WHERE year_founded < 1950 ORDER BY year_founded;"
list all NBA teams,"SELECT nickname, city, abbreviation FROM team ORDER BY city;"
how many teams are in the NBA,"SELECT COUNT(*) AS total_teams FROM team;"
who won MVP the most times,"SELECT p.player_name, COUNT(*) AS mvp_count FROM player p JOIN awards a ON p.player_id = a.player_id WHERE a.award = 'MVP' GROUP BY p.player_name ORDER BY mvp_count DESC LIMIT 1;"
players who won multiple MVPs,"SELECT p.player_name, COUNT(*) AS mvp_count FROM player p JOIN awards a ON p.player_id = a.player_id WHERE a.award = 'MVP' GROUP BY p.player_name HAVING mvp_count > 1 ORDER BY mvp_count DESC;"
players who won multiple All-Star selections,"SELECT p.player_name, COUNT(*) AS all_star_count FROM player p JOIN awards a ON p.player_id = a.player_id WHERE a.award = 'All-Star' GROUP BY p.player_name ORDER BY all_star_count DESC LIMIT 10;"
players who won DPOY multiple times,"SELECT p.player_name, COUNT(*) AS dpoy_count FROM player p JOIN awards a ON p.player_id = a.player_id WHERE a.award = 'DPOY' GROUP BY p.player_name HAVING dpoy_count > 1 ORDER BY dpoy_count DESC;"
all awards LeBron has ever won,"SELECT a.award, a.season_id FROM player p JOIN awards a ON p.player_id = a.player_id WHERE p.player_name = 'LeBron James' ORDER BY a.season_id;"
players with career win percentage over 60,"SELECT p.player_name, pct.career_w_pct FROM player p JOIN player_career_totals pct ON p.player_id = pct.player_id WHERE pct.career_w_pct > 0.60 ORDER BY pct.career_w_pct DESC LIMIT 10;"
players who have a career plus minus over 2000,"SELECT p.player_name, pct.total_plus_minus FROM player p JOIN player_career_totals pct ON p.player_id = pct.player_id WHERE pct.total_plus_minus > 2000 ORDER BY pct.total_plus_minus DESC;"
players with career fg percentage over 55,"SELECT p.player_name, pct.career_fg_pct FROM player p JOIN player_career_totals pct ON p.player_id = pct.player_id WHERE pct.career_fg_pct > 0.55 AND pct.total_fga > 2000 ORDER BY pct.career_fg_pct DESC;"
players with career ft percentage over 90,"SELECT p.player_name, pct.career_ft_pct FROM player p JOIN player_career_totals pct ON p.player_id = pct.player_id WHERE pct.career_ft_pct > 0.90 AND pct.total_fta > 500 ORDER BY pct.career_ft_pct DESC;"
all games played in the 2023 season,"SELECT game_id, team_id_home_id, date FROM game WHERE season_id = 22023 ORDER BY date;"
how many games were played in 2022,"SELECT COUNT(*) AS total_games FROM game WHERE season_id = 22022;"
games played on Christmas 2022,"SELECT game_id, team_id_home_id, date FROM game WHERE date = '2022-12-25';"
games played in November 2021,"SELECT game_id, team_id_home_id, date FROM game WHERE date BETWEEN '2021-11-01' AND '2021-11-30' ORDER BY date;"
which player had the worst plus minus in 2023,"SELECT p.player_name, pgt.plus_minus FROM player p JOIN player_general_traditional_total pgt ON p.player_id = pgt.player_id WHERE pgt.season_id = 22023 ORDER BY pgt.plus_minus ASC LIMIT 1;"
which player had the worst plus minus in 2019,"SELECT p.player_name, pgt.plus_minus FROM player p JOIN player_general_traditional_total pgt ON p.player_id = pgt.player_id WHERE pgt.season_id = 22019 ORDER BY pgt.plus_minus ASC LIMIT 1;"
players with plus minus worse than negative 300 in 2022,"SELECT p.player_name, pgt.plus_minus FROM player p JOIN player_general_traditional_total pgt ON p.player_id = pgt.player_id WHERE pgt.season_id = 22022 AND pgt.plus_minus < -300 ORDER BY pgt.plus_minus ASC;"
players who scored exactly 0 points in a game in 2021,"SELECT DISTINCT p.player_name, pgl.game_id, g.date FROM player p JOIN player_game_log pgl ON p.player_id = pgl.player_id JOIN game g ON pgl.game_id = g.game_id WHERE pgl.season_id = 22021 AND pgl.pts = 0 ORDER BY g.date;"
players who fouled out most often in 2022,"SELECT p.player_name, COUNT(*) AS foulout_games FROM player p JOIN player_game_log pgl ON p.player_id = pgl.player_id WHERE pgl.season_id = 22022 AND pgl.pf >= 6 GROUP BY p.player_name ORDER BY foulout_games DESC LIMIT 10;"
player with most personal fouls in 2020,"SELECT p.player_name, pgt.pf FROM player p JOIN player_general_traditional_total pgt ON p.player_id = pgt.player_id WHERE pgt.season_id = 22020 ORDER BY pgt.pf DESC LIMIT 1;"
top 10 players by personal fouls in 2019,"SELECT p.player_name, pgt.pf FROM player p JOIN player_general_traditional_total pgt ON p.player_id = pgt.player_id WHERE pgt.season_id = 22019 ORDER BY pgt.pf DESC LIMIT 10;"
players who averaged less than 10 minutes per game in 2023,"SELECT p.player_name, pgt.min / pgt.gp AS mpg FROM player p JOIN player_general_traditional_total pgt ON p.player_id = pgt.player_id WHERE pgt.season_id = 22023 AND pgt.gp > 0 HAVING mpg < 10 ORDER BY mpg ASC;"
players who played fewer than 10 games in 2022,"SELECT p.player_name, pgt.gp FROM player p JOIN player_general_traditional_total pgt ON p.player_id = pgt.player_id WHERE pgt.season_id = 22022 AND pgt.gp < 10 ORDER BY pgt.gp ASC;"
players with win percentage above 70 percent in 2017,"SELECT p.player_name, pgt.w_pct FROM player p JOIN player_general_traditional_total pgt ON p.player_id = pgt.player_id WHERE pgt.season_id = 22017 AND pgt.w_pct > 0.70 ORDER BY pgt.w_pct DESC;"
players with win percentage below 30 percent in 2016,"SELECT p.player_name, pgt.w_pct FROM player p JOIN player_general_traditional_total pgt ON p.player_id = pgt.player_id WHERE pgt.season_id = 22016 AND pgt.w_pct < 0.30 ORDER BY pgt.w_pct ASC;"
most wins by a player in a single season,"SELECT p.player_name, pgt.season_id, pgt.w AS wins FROM player p JOIN player_general_traditional_total pgt ON p.player_id = pgt.player_id ORDER BY pgt.w DESC LIMIT 1;"
most losses by a player in a single season,"SELECT p.player_name, pgt.season_id, pgt.l AS losses FROM player p JOIN player_general_traditional_total pgt ON p.player_id = pgt.player_id ORDER BY pgt.l DESC LIMIT 1;"
LeBron James wins and losses in 2016,"SELECT p.player_name, pgt.w, pgt.l, pgt.w_pct FROM player p JOIN player_general_traditional_total pgt ON p.player_id = pgt.player_id WHERE p.player_name = 'LeBron James' AND pgt.season_id = 22016;"
Stephen Curry wins in 2016,"SELECT p.player_name, pgt.w, pgt.l, pgt.w_pct FROM player p JOIN player_general_traditional_total pgt ON p.player_id = pgt.player_id WHERE p.player_name = 'Stephen Curry' AND pgt.season_id = 22016;"
players who shot zero three pointers in 2022,"SELECT p.player_name FROM player p JOIN player_general_traditional_total pgt ON p.player_id = pgt.player_id WHERE pgt.season_id = 22022 AND pgt.fg3a = 0 AND pgt.gp >= 40 ORDER BY p.player_name;"
players who attempted more than 500 three pointers in 2023,"SELECT p.player_name, pgt.fg3a, pgt.fg3m FROM player p JOIN player_general_traditional_total pgt ON p.player_id = pgt.player_id WHERE pgt.season_id = 22023 AND pgt.fg3a > 500 ORDER BY pgt.fg3a DESC;"
player with the most three point attempts in 2021,"SELECT p.player_name, pgt.fg3a FROM player p JOIN player_general_traditional_total pgt ON p.player_id = pgt.player_id WHERE pgt.season_id = 22021 ORDER BY pgt.fg3a DESC LIMIT 1;"
player with the most free throw attempts in 2020,"SELECT p.player_name, pgt.fta FROM player p JOIN player_general_traditional_total pgt ON p.player_id = pgt.player_id WHERE pgt.season_id = 22020 ORDER BY pgt.fta DESC LIMIT 1;"
player with the most free throws made in 2019,"SELECT p.player_name, pgt.ftm FROM player p JOIN player_general_traditional_total pgt ON p.player_id = pgt.player_id WHERE pgt.season_id = 22019 ORDER BY pgt.ftm DESC LIMIT 1;"
top 5 players by free throws made in 2018,"SELECT p.player_name, pgt.ftm FROM player p JOIN player_general_traditional_total pgt ON p.player_id = pgt.player_id WHERE pgt.season_id = 22018 ORDER BY pgt.ftm DESC LIMIT 5;"
players who made over 600 free throws in 2017,"SELECT p.player_name, pgt.ftm FROM player p JOIN player_general_traditional_total pgt ON p.player_id = pgt.player_id WHERE pgt.season_id = 22017 AND pgt.ftm > 600 ORDER BY pgt.ftm DESC;"
player who shot the worst free throw percentage in 2023,"SELECT p.player_name, pgt.ft_pct FROM player p JOIN player_general_traditional_total pgt ON p.player_id = pgt.player_id WHERE pgt.season_id = 22023 AND pgt.fta >= 100 ORDER BY pgt.ft_pct ASC LIMIT 1;"
player who shot the worst field goal percentage in 2022,"SELECT p.player_name, pgt.fg_pct FROM player p JOIN player_general_traditional_total pgt ON p.player_id = pgt.player_id WHERE pgt.season_id = 22022 AND pgt.fga >= 200 ORDER BY pgt.fg_pct ASC LIMIT 1;"
player who shot the worst three point percentage in 2021,"SELECT p.player_name, pgt.fg3_pct FROM player p JOIN player_general_traditional_total pgt ON p.player_id = pgt.player_id WHERE pgt.season_id = 22021 AND pgt.fg3a >= 100 ORDER BY pgt.fg3_pct ASC LIMIT 1;"
players who had more blocks than points in 2020,"SELECT p.player_name, pgt.blk, pgt.pts FROM player p JOIN player_general_traditional_total pgt ON p.player_id = pgt.player_id WHERE pgt.season_id = 22020 AND pgt.blk > pgt.pts AND pgt.gp >= 20 ORDER BY pgt.blk DESC;"
players who had more steals than assists in 2019,"SELECT p.player_name, pgt.stl, pgt.ast FROM player p JOIN player_general_traditional_total pgt ON p.player_id = pgt.player_id WHERE pgt.season_id = 22019 AND pgt.stl > pgt.ast AND pgt.gp >= 30 ORDER BY pgt.stl DESC;"
players whose rebounds exceeded their points in 2018,"SELECT p.player_name, pgt.reb, pgt.pts FROM player p JOIN player_general_traditional_total pgt ON p.player_id = pgt.player_id WHERE pgt.season_id = 22018 AND pgt.reb > pgt.pts AND pgt.gp >= 30 ORDER BY pgt.reb DESC;"
most offensive rebounds in a single game in 2023,"SELECT p.player_name, pgl.oreb, pgl.game_id, g.date FROM player p JOIN player_game_log pgl ON p.player_id = pgl.player_id JOIN game g ON pgl.game_id = g.game_id WHERE pgl.season_id = 22023 ORDER BY pgl.oreb DESC LIMIT 1;"
most defensive rebounds in a single game in 2022,"SELECT p.player_name, pgl.dreb, pgl.game_id, g.date FROM player p JOIN player_game_log pgl ON p.player_id = pgl.player_id JOIN game g ON pgl.game_id = g.game_id WHERE pgl.season_id = 22022 ORDER BY pgl.dreb DESC LIMIT 1;"
player with the highest single game fantasy points in 2021,"SELECT p.player_name, pgl.nba_fantasy_pts, pgl.game_id, g.date FROM player p JOIN player_game_log pgl ON p.player_id = pgl.player_id JOIN game g ON pgl.game_id = g.game_id WHERE pgl.season_id = 22021 ORDER BY pgl.nba_fantasy_pts DESC LIMIT 1;"
players who had a double double in the most games in 2023,"SELECT p.player_name, COUNT(*) AS dd_games FROM player p JOIN player_game_log pgl ON p.player_id = pgl.player_id WHERE pgl.season_id = 22023 AND pgl.dd2 = 1 GROUP BY p.player_name ORDER BY dd_games DESC LIMIT 10;"
players who recorded a triple double more than 5 times in 2022,"SELECT p.player_name, COUNT(*) AS td_games FROM player p JOIN player_game_log pgl ON p.player_id = pgl.player_id WHERE pgl.season_id = 22022 AND pgl.td3 = 1 GROUP BY p.player_name HAVING td_games > 5 ORDER BY td_games DESC;"
games where a player had more than 8 turnovers in 2021,"SELECT p.player_name, pgl.tov, pgl.game_id, g.date FROM player p JOIN player_game_log pgl ON p.player_id = pgl.player_id JOIN game g ON pgl.game_id = g.game_id WHERE pgl.season_id = 22021 AND pgl.tov > 8 ORDER BY pgl.tov DESC;"
player with most turnovers in a single game in 2020,"SELECT p.player_name, pgl.tov, pgl.game_id, g.date FROM player p JOIN player_game_log pgl ON p.player_id = pgl.player_id JOIN game g ON pgl.game_id = g.game_id WHERE pgl.season_id = 22020 ORDER BY pgl.tov DESC LIMIT 1;"
how many games did LeBron James win in 2023,"SELECT p.player_name, COUNT(*) AS wins FROM player p JOIN player_game_log pgl ON p.player_id = pgl.player_id WHERE p.player_name = 'LeBron James' AND pgl.season_id = 22023 AND pgl.wl = 'W' GROUP BY p.player_name;"
LeBron James win loss record in 2020,"SELECT p.player_name, SUM(CASE WHEN pgl.wl = 'W' THEN 1 ELSE 0 END) AS wins, SUM(CASE WHEN pgl.wl = 'L' THEN 1 ELSE 0 END) AS losses FROM player p JOIN player_game_log pgl ON p.player_id = pgl.player_id WHERE p.player_name = 'LeBron James' AND pgl.season_id = 22020 GROUP BY p.player_name;"
Stephen Curry win loss record in 2016,"SELECT p.player_name, SUM(CASE WHEN pgl.wl = 'W' THEN 1 ELSE 0 END) AS wins, SUM(CASE WHEN pgl.wl = 'L' THEN 1 ELSE 0 END) AS losses FROM player p JOIN player_game_log pgl ON p.player_id = pgl.player_id WHERE p.player_name = 'Stephen Curry' AND pgl.season_id = 22016 GROUP BY p.player_name;"
Nikola Jokic win loss record in 2022,"SELECT p.player_name, SUM(CASE WHEN pgl.wl = 'W' THEN 1 ELSE 0 END) AS wins, SUM(CASE WHEN pgl.wl = 'L' THEN 1 ELSE 0 END) AS losses FROM player p JOIN player_game_log pgl ON p.player_id = pgl.player_id WHERE p.player_name = 'Nikola Jokic' AND pgl.season_id = 22022 GROUP BY p.player_name;"
players with more wins than losses in 2023,"SELECT p.player_name, SUM(CASE WHEN pgl.wl = 'W' THEN 1 ELSE 0 END) AS wins, SUM(CASE WHEN pgl.wl = 'L' THEN 1 ELSE 0 END) AS losses FROM player p JOIN player_game_log pgl ON p.player_id = pgl.player_id WHERE pgl.season_id = 22023 GROUP BY p.player_name HAVING wins > losses ORDER BY wins DESC;"
LeBron James points in his last 10 games of 2023,"SELECT g.date, pgl.pts, pgl.reb, pgl.ast, pgl.wl FROM player p JOIN player_game_log pgl ON p.player_id = pgl.player_id JOIN game g ON pgl.game_id = g.game_id WHERE p.player_name = 'LeBron James' AND pgl.season_id = 22023 ORDER BY g.date DESC LIMIT 10;"
Kevin Durant stats in his last 5 games of 2022,"SELECT g.date, pgl.pts, pgl.reb, pgl.ast, pgl.fg_pct, pgl.wl FROM player p JOIN player_game_log pgl ON p.player_id = pgl.player_id JOIN game g ON pgl.game_id = g.game_id WHERE p.player_name = 'Kevin Durant' AND pgl.season_id = 22022 ORDER BY g.date DESC LIMIT 5;"
Giannis best game by points in 2021,"SELECT p.player_name, pgl.pts, pgl.reb, pgl.ast, pgl.blk, g.date FROM player p JOIN player_game_log pgl ON p.player_id = pgl.player_id JOIN game g ON pgl.game_id = g.game_id WHERE p.player_name = 'Giannis Antetokounmpo' AND pgl.season_id = 22021 ORDER BY pgl.pts DESC LIMIT 1;"
James Harden best assist game in 2019,"SELECT p.player_name, pgl.ast, pgl.pts, g.date FROM player p JOIN player_game_log pgl ON p.player_id = pgl.player_id JOIN game g ON pgl.game_id = g.game_id WHERE p.player_name = 'James Harden' AND pgl.season_id = 22019 ORDER BY pgl.ast DESC LIMIT 1;"
Rudy Gobert best block game in 2020,"SELECT p.player_name, pgl.blk, pgl.reb, g.date FROM player p JOIN player_game_log pgl ON p.player_id = pgl.player_id JOIN game g ON pgl.game_id = g.game_id WHERE p.player_name = 'Rudy Gobert' AND pgl.season_id = 22020 ORDER BY pgl.blk DESC LIMIT 1;"
how many 30 point games did Kevin Durant have in 2014,"SELECT p.player_name, COUNT(*) AS games_30 FROM player p JOIN player_game_log pgl ON p.player_id = pgl.player_id WHERE p.player_name = 'Kevin Durant' AND pgl.season_id = 22014 AND pgl.pts >= 30 GROUP BY p.player_name;"
how many 20 rebound games did Dwight Howard have in 2012,"SELECT p.player_name, COUNT(*) AS games_20reb FROM player p JOIN player_game_log pgl ON p.player_id = pgl.player_id WHERE p.player_name = 'Dwight Howard' AND pgl.season_id = 22012 AND pgl.reb >= 20 GROUP BY p.player_name;"
how many triple doubles did Russell Westbrook have in 2016,"SELECT p.player_name, SUM(pgl.td3) AS triple_doubles FROM player p JOIN player_game_log pgl ON p.player_id = pgl.player_id WHERE p.player_name = 'Russell Westbrook' AND pgl.season_id = 22016 GROUP BY p.player_name;"
Kobe Bryant game log in 2006,"SELECT g.date, pgl.pts, pgl.reb, pgl.ast, pgl.fg_pct, pgl.wl FROM player p JOIN player_game_log pgl ON p.player_id = pgl.player_id JOIN game g ON pgl.game_id = g.game_id WHERE p.player_name = 'Kobe Bryant' AND pgl.season_id = 22006 ORDER BY g.date;"
Shaquille O'Neal average points per game in 2000,"SELECT p.player_name, ps.pts FROM player p JOIN player_season ps ON p.player_id = ps.player_id WHERE p.player_name = 'Shaquille O''Neal' AND ps.season_id = 22000;"
Tim Duncan average rebounds per game in 2003,"SELECT p.player_name, ps.reb FROM player p JOIN player_season ps ON p.player_id = ps.player_id WHERE p.player_name = 'Tim Duncan' AND ps.season_id = 22003;"
Hakeem Olajuwon career blocks per game,"SELECT p.player_name, pct.career_bpg FROM player p JOIN player_career_totals pct ON p.player_id = pct.player_id WHERE p.player_name = 'Hakeem Olajuwon';"
David Robinson career rebounds per game,"SELECT p.player_name, pct.career_rpg FROM player p JOIN player_career_totals pct ON p.player_id = pct.player_id WHERE p.player_name = 'David Robinson';"
Gary Payton career steals per game,"SELECT p.player_name, pct.career_spg FROM player p JOIN player_career_totals pct ON p.player_id = pct.player_id WHERE p.player_name = 'Gary Payton';"
John Stockton career assists per game,"SELECT p.player_name, pct.career_apg FROM player p JOIN player_career_totals pct ON p.player_id = pct.player_id WHERE p.player_name = 'John Stockton';"
Karl Malone total career points,"SELECT p.player_name, pct.total_pts FROM player p JOIN player_career_totals pct ON p.player_id = pct.player_id WHERE p.player_name = 'Karl Malone';"
how many seasons did Kobe Bryant play,"SELECT p.player_name, pct.seasons_played FROM player p JOIN player_career_totals pct ON p.player_id = pct.player_id WHERE p.player_name = 'Kobe Bryant';"
how many total games did Tim Duncan play in his career,"SELECT p.player_name, pct.total_gp FROM player p JOIN player_career_totals pct ON p.player_id = pct.player_id WHERE p.player_name = 'Tim Duncan';"
Dirk Nowitzki career field goal percentage,"SELECT p.player_name, pct.career_fg_pct FROM player p JOIN player_career_totals pct ON p.player_id = pct.player_id WHERE p.player_name = 'Dirk Nowitzki';"
Steve Nash career assists per game,"SELECT p.player_name, pct.career_apg FROM player p JOIN player_career_totals pct ON p.player_id = pct.player_id WHERE p.player_name = 'Steve Nash';"
compare LeBron and Giannis in 2020,"SELECT p.player_name, pgt.pts, pgt.reb, pgt.ast, pgt.stl, pgt.blk, pgt.fg_pct FROM player p JOIN player_general_traditional_total pgt ON p.player_id = pgt.player_id WHERE pgt.season_id = 22020 AND p.player_name IN ('LeBron James', 'Giannis Antetokounmpo');"
compare Shaq and Hakeem career stats,"SELECT p.player_name, pct.career_ppg, pct.career_rpg, pct.career_bpg, pct.career_fg_pct FROM player p JOIN player_career_totals pct ON p.player_id = pct.player_id WHERE p.player_name IN ('Shaquille O''Neal', 'Hakeem Olajuwon');"
compare Curry and Klay Thompson in 2022,"SELECT p.player_name, pgt.pts, pgt.fg3m, pgt.fg3_pct, pgt.fg_pct FROM player p JOIN player_general_traditional_total pgt ON p.player_id = pgt.player_id WHERE pgt.season_id = 22022 AND p.player_name IN ('Stephen Curry', 'Klay Thompson');"
compare Kevin Durant and Kawhi Leonard in 2019,"SELECT p.player_name, pgt.pts, pgt.reb, pgt.ast, pgt.stl, pgt.fg_pct FROM player p JOIN player_general_traditional_total pgt ON p.player_id = pgt.player_id WHERE pgt.season_id = 22019 AND p.player_name IN ('Kevin Durant', 'Kawhi Leonard');"
who had more total career wins LeBron or Kobe,"SELECT p.player_name, pct.total_w FROM player p JOIN player_career_totals pct ON p.player_id = pct.player_id WHERE p.player_name IN ('LeBron James', 'Kobe Bryant') ORDER BY pct.total_w DESC;"
who had a better career win percentage Jordan or LeBron,"SELECT p.player_name, pct.career_w_pct FROM player p JOIN player_career_totals pct ON p.player_id = pct.player_id WHERE p.player_name IN ('Michael Jordan', 'LeBron James') ORDER BY pct.career_w_pct DESC;"
who had more career fantasy points LeBron or Durant,"SELECT p.player_name, pct.total_nba_fantasy_pts FROM player p JOIN player_career_totals pct ON p.player_id = pct.player_id WHERE p.player_name IN ('LeBron James', 'Kevin Durant') ORDER BY pct.total_nba_fantasy_pts DESC;"
Rockets total points in 2018,"SELECT t.nickname, SUM(pgl.pts) AS total_points FROM team t JOIN player_game_log pgl ON t.team_id = pgl.team_id WHERE pgl.season_id = 22018 AND t.nickname = 'Rockets' GROUP BY t.nickname;"
Spurs total assists in 2014,"SELECT t.nickname, SUM(pgl.ast) AS total_assists FROM team t JOIN player_game_log pgl ON t.team_id = pgl.team_id WHERE pgl.season_id = 22014 AND t.nickname = 'Spurs' GROUP BY t.nickname;"
Thunder total wins in 2012,"SELECT t.nickname, SUM(CASE WHEN pgl.wl = 'W' THEN 1 ELSE 0 END) AS wins FROM team t JOIN player_game_log pgl ON t.team_id = pgl.team_id WHERE pgl.season_id = 22012 AND t.nickname = 'Thunder' GROUP BY t.nickname;"
Heat total steals in 2013,"SELECT t.nickname, SUM(pgl.stl) AS total_steals FROM team t JOIN player_game_log pgl ON t.team_id = pgl.team_id WHERE pgl.season_id = 22013 AND t.nickname = 'Heat' GROUP BY t.nickname;"
Clippers total blocks in 2015,"SELECT t.nickname, SUM(pgl.blk) AS total_blocks FROM team t JOIN player_game_log pgl ON t.team_id = pgl.team_id WHERE pgl.season_id = 22015 AND t.nickname = 'Clippers' GROUP BY t.nickname;"
Jazz total rebounds in 2021,"SELECT t.nickname, SUM(pgl.reb) AS total_rebounds FROM team t JOIN player_game_log pgl ON t.team_id = pgl.team_id WHERE pgl.season_id = 22021 AND t.nickname = 'Jazz' GROUP BY t.nickname;"
Bucks total three pointers in 2020,"SELECT t.nickname, SUM(pgl.fg3m) AS total_threes FROM team t JOIN player_game_log pgl ON t.team_id = pgl.team_id WHERE pgl.season_id = 22020 AND t.nickname = 'Bucks' GROUP BY t.nickname;"
76ers average points per game in 2023,"SELECT t.nickname, SUM(pgl.pts) * 1.0 / COUNT(DISTINCT pgl.game_id) AS ppg FROM team t JOIN player_game_log pgl ON t.team_id = pgl.team_id WHERE pgl.season_id = 22023 AND t.nickname = '76ers' GROUP BY t.nickname;"
Nuggets average assists per game in 2023,"SELECT t.nickname, SUM(pgl.ast) * 1.0 / COUNT(DISTINCT pgl.game_id) AS apg FROM team t JOIN player_game_log pgl ON t.team_id = pgl.team_id WHERE pgl.season_id = 22023 AND t.nickname = 'Nuggets' GROUP BY t.nickname;"
Celtics average rebounds per game in 2024,"SELECT t.nickname, SUM(pgl.reb) * 1.0 / COUNT(DISTINCT pgl.game_id) AS rpg FROM team t JOIN player_game_log pgl ON t.team_id = pgl.team_id WHERE pgl.season_id = 22024 AND t.nickname = 'Celtics' GROUP BY t.nickname;"
team with most total free throws made in 2022,"SELECT t.nickname, SUM(pgl.ftm) AS total_ftm FROM team t JOIN player_game_log pgl ON t.team_id = pgl.team_id WHERE pgl.season_id = 22022 GROUP BY t.nickname ORDER BY total_ftm DESC LIMIT 1;"
team with fewest total turnovers in 2023,"SELECT t.nickname, SUM(pgl.tov) AS total_turnovers FROM team t JOIN player_game_log pgl ON t.team_id = pgl.team_id WHERE pgl.season_id = 22023 GROUP BY t.nickname ORDER BY total_turnovers ASC LIMIT 1;"
top 5 teams by total steals in 2019,"SELECT t.nickname, SUM(pgl.stl) AS total_steals FROM team t JOIN player_game_log pgl ON t.team_id = pgl.team_id WHERE pgl.season_id = 22019 GROUP BY t.nickname ORDER BY total_steals DESC LIMIT 5;"
top 5 teams by total blocks in 2017,"SELECT t.nickname, SUM(pgl.blk) AS total_blocks FROM team t JOIN player_game_log pgl ON t.team_id = pgl.team_id WHERE pgl.season_id = 22017 GROUP BY t.nickname ORDER BY total_blocks DESC LIMIT 5;"
top 5 teams by total free throw attempts in 2016,"SELECT t.nickname, SUM(pgl.fta) AS total_fta FROM team t JOIN player_game_log pgl ON t.team_id = pgl.team_id WHERE pgl.season_id = 22016 GROUP BY t.nickname ORDER BY total_fta DESC LIMIT 5;"
which team had the highest plus minus in 2021,"SELECT t.nickname, SUM(pgl.plus_minus) AS total_plus_minus FROM team t JOIN player_game_log pgl ON t.team_id = pgl.team_id WHERE pgl.season_id = 22021 GROUP BY t.nickname ORDER BY total_plus_minus DESC LIMIT 1;"
which team had the lowest plus minus in 2020,"SELECT t.nickname, SUM(pgl.plus_minus) AS total_plus_minus FROM team t JOIN player_game_log pgl ON t.team_id = pgl.team_id WHERE pgl.season_id = 22020 GROUP BY t.nickname ORDER BY total_plus_minus ASC LIMIT 1;"
how many total games did the Lakers play in 2021,"SELECT t.nickname, COUNT(DISTINCT pgl.game_id) AS total_games FROM team t JOIN player_game_log pgl ON t.team_id = pgl.team_id WHERE pgl.season_id = 22021 AND t.nickname = 'Lakers' GROUP BY t.nickname;"
Mavericks wins and losses in 2011,"SELECT t.nickname, SUM(CASE WHEN pgl.wl = 'W' THEN 1 ELSE 0 END) AS wins, SUM(CASE WHEN pgl.wl = 'L' THEN 1 ELSE 0 END) AS losses FROM team t JOIN player_game_log pgl ON t.team_id = pgl.team_id WHERE pgl.season_id = 22011 AND t.nickname = 'Mavericks' GROUP BY t.nickname;"
Cavaliers wins and losses in 2016,"SELECT t.nickname, SUM(CASE WHEN pgl.wl = 'W' THEN 1 ELSE 0 END) AS wins, SUM(CASE WHEN pgl.wl = 'L' THEN 1 ELSE 0 END) AS losses FROM team t JOIN player_game_log pgl ON t.team_id = pgl.team_id WHERE pgl.season_id = 22016 AND t.nickname = 'Cavaliers' GROUP BY t.nickname;"
game with most blocks in 2022,"SELECT pgl.game_id, g.date, SUM(pgl.blk) AS total_blocks FROM player_game_log pgl JOIN game g ON pgl.game_id = g.game_id WHERE pgl.season_id = 22022 GROUP BY pgl.game_id, g.date ORDER BY total_blocks DESC LIMIT 1;"
game with most steals in 2021,"SELECT pgl.game_id, g.date, SUM(pgl.stl) AS total_steals FROM player_game_log pgl JOIN game g ON pgl.game_id = g.game_id WHERE pgl.season_id = 22021 GROUP BY pgl.game_id, g.date ORDER BY total_steals DESC LIMIT 1;"
game with most free throws made in 2020,"SELECT pgl.game_id, g.date, SUM(pgl.ftm) AS total_ftm FROM player_game_log pgl JOIN game g ON pgl.game_id = g.game_id WHERE pgl.season_id = 22020 GROUP BY pgl.game_id, g.date ORDER BY total_ftm DESC LIMIT 1;"
game with fewest points in NBA history,"SELECT pgl.game_id, g.date, SUM(pgl.pts) AS total_points FROM player_game_log pgl JOIN game g ON pgl.game_id = g.game_id GROUP BY pgl.game_id, g.date ORDER BY total_points ASC LIMIT 1;"
game with most combined rebounds all time,"SELECT pgl.game_id, g.date, SUM(pgl.reb) AS total_rebounds FROM player_game_log pgl JOIN game g ON pgl.game_id = g.game_id GROUP BY pgl.game_id, g.date ORDER BY total_rebounds DESC LIMIT 1;"
top 5 highest scoring games in 2019,"SELECT pgl.game_id, g.date, SUM(pgl.pts) AS total_points FROM player_game_log pgl JOIN game g ON pgl.game_id = g.game_id WHERE pgl.season_id = 22019 GROUP BY pgl.game_id, g.date ORDER BY total_points DESC LIMIT 5;"
games played in January 2023,"SELECT game_id, team_id_home_id, date FROM game WHERE date BETWEEN '2023-01-01' AND '2023-01-31' ORDER BY date;"
games played in February 2020,"SELECT game_id, team_id_home_id, date FROM game WHERE date BETWEEN '2020-02-01' AND '2020-02-29' ORDER BY date;"
games played in March 2018,"SELECT game_id, team_id_home_id, date FROM game WHERE date BETWEEN '2018-03-01' AND '2018-03-31' ORDER BY date;"
how many games were played in the 1996 season,"SELECT COUNT(*) AS total_games FROM game WHERE season_id = 21996;"
how many games were played in 2000,"SELECT COUNT(*) AS total_games FROM game WHERE season_id = 22000;"
all games the Celtics hosted in 2024,"SELECT g.game_id, g.date FROM game g JOIN team t ON g.team_id_home_id = t.team_id WHERE g.season_id = 22024 AND t.nickname = 'Celtics' ORDER BY g.date;"
all games the Lakers hosted in 2023,"SELECT g.game_id, g.date FROM game g JOIN team t ON g.team_id_home_id = t.team_id WHERE g.season_id = 22023 AND t.nickname = 'Lakers' ORDER BY g.date;"
how many home games did the Warriors play in 2022,"SELECT t.nickname, COUNT(*) AS home_games FROM game g JOIN team t ON g.team_id_home_id = t.team_id WHERE g.season_id = 22022 AND t.nickname = 'Warriors' GROUP BY t.nickname;"
who won Sixth Man of the Year in 2019,"SELECT p.player_name FROM player p JOIN awards a ON p.player_id = a.player_id WHERE a.season_id = 22019 AND a.award = 'Sixth Man';"
who won Most Improved Player in 2020,"SELECT p.player_name FROM player p JOIN awards a ON p.player_id = a.player_id WHERE a.season_id = 22020 AND a.award = 'MIP';"
who won Most Improved Player in 2016,"SELECT p.player_name FROM player p JOIN awards a ON p.player_id = a.player_id WHERE a.season_id = 22016 AND a.award = 'MIP';"
who won Rookie of the Year in 2004,"SELECT p.player_name FROM player p JOIN awards a ON p.player_id = a.player_id WHERE a.season_id = 22004 AND a.award = 'ROY';"
who won Rookie of the Year in 2010,"SELECT p.player_name FROM player p JOIN awards a ON p.player_id = a.player_id WHERE a.season_id = 22010 AND a.award = 'ROY';"
who won All-NBA Second Team in 2023,"SELECT p.player_name FROM player p JOIN awards a ON p.player_id = a.player_id WHERE a.season_id = 22023 AND a.award = 'All-NBA Second Team';"
who won All-NBA Third Team in 2022,"SELECT p.player_name FROM player p JOIN awards a ON p.player_id = a.player_id WHERE a.season_id = 22022 AND a.award = 'All-NBA Third Team';"
who won All-Defensive First Team in 2021,"SELECT p.player_name FROM player p JOIN awards a ON p.player_id = a.player_id WHERE a.season_id = 22021 AND a.award = 'All-Defensive First Team';"
who won All-Defensive Second Team in 2020,"SELECT p.player_name FROM player p JOIN awards a ON p.player_id = a.player_id WHERE a.season_id = 22020 AND a.award = 'All-Defensive Second Team';"
all award winners in 2023,"SELECT p.player_name, a.award FROM player p JOIN awards a ON p.player_id = a.player_id WHERE a.season_id = 22023 ORDER BY a.award;"
players who won ROY and later won MVP,"SELECT DISTINCT p.player_name FROM player p JOIN awards a1 ON p.player_id = a1.player_id JOIN awards a2 ON p.player_id = a2.player_id WHERE a1.award = 'ROY' AND a2.award = 'MVP';"
players who won both MVP and DPOY in the same season,"SELECT p.player_name, a1.season_id FROM player p JOIN awards a1 ON p.player_id = a1.player_id JOIN awards a2 ON p.player_id = a2.player_id AND a1.season_id = a2.season_id WHERE a1.award = 'MVP' AND a2.award = 'DPOY';"
players who won Finals MVP more than once,"SELECT p.player_name, COUNT(*) AS finals_mvp_count FROM player p JOIN awards a ON p.player_id = a.player_id WHERE a.award = 'Finals MVP' GROUP BY p.player_name HAVING finals_mvp_count > 1 ORDER BY finals_mvp_count DESC;"
players who won All-Star selection more than 15 times,"SELECT p.player_name, COUNT(*) AS all_star_count FROM player p JOIN awards a ON p.player_id = a.player_id WHERE a.award = 'All-Star' GROUP BY p.player_name HAVING all_star_count > 15 ORDER BY all_star_count DESC;"
which player has won the most Scoring Titles,"SELECT p.player_name, COUNT(*) AS scoring_titles FROM player p JOIN awards a ON p.player_id = a.player_id WHERE a.award = 'Scoring Title' GROUP BY p.player_name ORDER BY scoring_titles DESC LIMIT 1;"
which player has won the most DPOY awards,"SELECT p.player_name, COUNT(*) AS dpoy_count FROM player p JOIN awards a ON p.player_id = a.player_id WHERE a.award = 'DPOY' GROUP BY p.player_name ORDER BY dpoy_count DESC LIMIT 1;"
players who have career total plus minus over 5000,"SELECT p.player_name, pct.total_plus_minus FROM player p JOIN player_career_totals pct ON p.player_id = pct.player_id WHERE pct.total_plus_minus > 5000 ORDER BY pct.total_plus_minus DESC;"
players with more than 500 career triple doubles,"SELECT p.player_name, pct.total_td3 FROM player p JOIN player_career_totals pct ON p.player_id = pct.player_id WHERE pct.total_td3 > 500 ORDER BY pct.total_td3 DESC;"
players with more than 200 career double doubles,"SELECT p.player_name, pct.total_dd2 FROM player p JOIN player_career_totals pct ON p.player_id = pct.player_id WHERE pct.total_dd2 > 200 ORDER BY pct.total_dd2 DESC;"
most career triple doubles in NBA history,"SELECT p.player_name, pct.total_td3 FROM player p JOIN player_career_totals pct ON p.player_id = pct.player_id ORDER BY pct.total_td3 DESC LIMIT 1;"
most career double doubles in NBA history,"SELECT p.player_name, pct.total_dd2 FROM player p JOIN player_career_totals pct ON p.player_id = pct.player_id ORDER BY pct.total_dd2 DESC LIMIT 1;"
top 10 career triple double leaders,"SELECT p.player_name, pct.total_td3 FROM player p JOIN player_career_totals pct ON p.player_id = pct.player_id ORDER BY pct.total_td3 DESC LIMIT 10;"
top 10 career double double leaders,"SELECT p.player_name, pct.total_dd2 FROM player p JOIN player_career_totals pct ON p.player_id = pct.player_id ORDER BY pct.total_dd2 DESC LIMIT 10;"
players who have career turnover rate below 1 per game,"SELECT p.player_name, pct.career_topg FROM player p JOIN player_career_totals pct ON p.player_id = pct.player_id WHERE pct.career_topg < 1.0 AND pct.total_gp > 200 ORDER BY pct.career_topg ASC;"
players with career fg3 percentage over 40 percent and over 1000 attempts,"SELECT p.player_name, pct.career_fg3_pct, pct.total_fg3a FROM player p JOIN player_career_totals pct ON p.player_id = pct.player_id WHERE pct.career_fg3_pct > 0.40 AND pct.total_fg3a > 1000 ORDER BY pct.career_fg3_pct DESC;"
players drafted out of college versus undrafted who have the most career points,"SELECT p.player_name, CASE WHEN p.draft_number = 'Undrafted' THEN 'Undrafted' ELSE 'Drafted' END AS draft_status, pct.total_pts FROM player p JOIN player_career_totals pct ON p.player_id = pct.player_id ORDER BY pct.total_pts DESC LIMIT 20;"
players from the same college who both played in 2023,"SELECT p1.player_name, p2.player_name, p1.college FROM player p1 JOIN player p2 ON p1.college = p2.college AND p1.player_id < p2.player_id JOIN player_general_traditional_total pgt1 ON p1.player_id = pgt1.player_id JOIN player_general_traditional_total pgt2 ON p2.player_id = pgt2.player_id WHERE pgt1.season_id = 22023 AND pgt2.season_id = 22023 AND p1.college IS NOT NULL ORDER BY p1.college;"
players drafted in 2003 who are still active in 2023,"SELECT p.player_name, p.draft_year FROM player p JOIN player_general_traditional_total pgt ON p.player_id = pgt.player_id WHERE p.draft_year = 2003 AND pgt.season_id = 22023;"
players drafted in 2010 who played in 2023,"SELECT p.player_name FROM player p JOIN player_general_traditional_total pgt ON p.player_id = pgt.player_id WHERE p.draft_year = 2010 AND pgt.season_id = 22023;"
players who went undrafted and averaged over 10 points per game in their career,"SELECT p.player_name, pct.career_ppg FROM player p JOIN player_career_totals pct ON p.player_id = pct.player_id WHERE p.draft_number = 'Undrafted' AND pct.career_ppg > 10 ORDER BY pct.career_ppg DESC;"
players drafted in the second round who scored over 10000 career points,"SELECT p.player_name, p.draft_round, pct.total_pts FROM player p JOIN player_career_totals pct ON p.player_id = pct.player_id WHERE p.draft_round = 2 AND pct.total_pts > 10000 ORDER BY pct.total_pts DESC;"
how many players in the dataset played for the Celtics,"SELECT COUNT(DISTINCT pgl.player_id) AS player_count FROM player_game_log pgl JOIN team t ON pgl.team_id = t.team_id WHERE t.nickname = 'Celtics';"
how many players have played for the Lakers all time,"SELECT COUNT(DISTINCT pgl.player_id) AS player_count FROM player_game_log pgl JOIN team t ON pgl.team_id = t.team_id WHERE t.nickname = 'Lakers';"
players who played for both the Lakers and the Celtics,"SELECT DISTINCT p.player_name FROM player p JOIN player_game_log pgl1 ON p.player_id = pgl1.player_id JOIN team t1 ON pgl1.team_id = t1.team_id JOIN player_game_log pgl2 ON p.player_id = pgl2.player_id JOIN team t2 ON pgl2.team_id = t2.team_id WHERE t1.nickname = 'Lakers' AND t2.nickname = 'Celtics' ORDER BY p.player_name;"
players who played for more than 5 different teams in their career,"SELECT p.player_name, COUNT(DISTINCT pgl.team_id) AS teams_played_for FROM player p JOIN player_game_log pgl ON p.player_id = pgl.player_id GROUP BY p.player_name HAVING teams_played_for > 5 ORDER BY teams_played_for DESC;"
players who played for only one team their entire career,"SELECT p.player_name, COUNT(DISTINCT pgl.team_id) AS team_count FROM player p JOIN player_game_log pgl ON p.player_id = pgl.player_id GROUP BY p.player_name HAVING team_count = 1 ORDER BY p.player_name;"
which team has had the most different players in 2023,"SELECT t.nickname, COUNT(DISTINCT pgl.player_id) AS player_count FROM team t JOIN player_game_log pgl ON t.team_id = pgl.team_id WHERE pgl.season_id = 22023 GROUP BY t.nickname ORDER BY player_count DESC LIMIT 1;"
top 5 players by oreb percentage in 2022,"SELECT p.player_name, ps.oreb_pct FROM player p JOIN player_season ps ON p.player_id = ps.player_id WHERE ps.season_id = 22022 ORDER BY ps.oreb_pct DESC LIMIT 5;"
top 5 players by dreb percentage in 2021,"SELECT p.player_name, ps.dreb_pct FROM player p JOIN player_season ps ON p.player_id = ps.player_id WHERE ps.season_id = 22021 ORDER BY ps.dreb_pct DESC LIMIT 5;"
players with oreb percentage over 15 percent in 2020,"SELECT p.player_name, ps.oreb_pct FROM player p JOIN player_season ps ON p.player_id = ps.player_id WHERE ps.season_id = 22020 AND ps.oreb_pct > 0.15 ORDER BY ps.oreb_pct DESC;"
players with dreb percentage over 30 percent in 2019,"SELECT p.player_name, ps.dreb_pct FROM player p JOIN player_season ps ON p.player_id = ps.player_id WHERE ps.season_id = 22019 AND ps.dreb_pct > 0.30 ORDER BY ps.dreb_pct DESC;"
players with assist percentage over 35 percent in 2023,"SELECT p.player_name, ps.ast_pct FROM player p JOIN player_season ps ON p.player_id = ps.player_id WHERE ps.season_id = 22023 AND ps.ast_pct > 0.35 ORDER BY ps.ast_pct DESC;"
players with usage rate over 35 percent in 2022,"SELECT p.player_name, ps.usg_pct FROM player p JOIN player_season ps ON p.player_id = ps.player_id WHERE ps.season_id = 22022 AND ps.usg_pct > 0.35 ORDER BY ps.usg_pct DESC;"
players with true shooting percentage over 65 percent in 2021,"SELECT p.player_name, ps.ts_pct FROM player p JOIN player_season ps ON p.player_id = ps.player_id WHERE ps.season_id = 22021 AND ps.ts_pct > 0.65 AND ps.gp >= 40 ORDER BY ps.ts_pct DESC;"
players with net rating over 10 in 2023,"SELECT p.player_name, ps.net_rating FROM player p JOIN player_season ps ON p.player_id = ps.player_id WHERE ps.season_id = 22023 AND ps.net_rating > 10 ORDER BY ps.net_rating DESC;"
players with net rating below negative 10 in 2022,"SELECT p.player_name, ps.net_rating FROM player p JOIN player_season ps ON p.player_id = ps.player_id WHERE ps.season_id = 22022 AND ps.net_rating < -10 ORDER BY ps.net_rating ASC;"
Nikola Jokic true shooting percentage in 2022,"SELECT p.player_name, ps.ts_pct FROM player p JOIN player_season ps ON p.player_id = ps.player_id WHERE p.player_name = 'Nikola Jokic' AND ps.season_id = 22022;"
LeBron James usage rate in 2020,"SELECT p.player_name, ps.usg_pct FROM player p JOIN player_season ps ON p.player_id = ps.player_id WHERE p.player_name = 'LeBron James' AND ps.season_id = 22020;"
James Harden assist percentage in 2019,"SELECT p.player_name, ps.ast_pct FROM player p JOIN player_season ps ON p.player_id = ps.player_id WHERE p.player_name = 'James Harden' AND ps.season_id = 22019;"
Rudy Gobert defensive rebound percentage in 2021,"SELECT p.player_name, ps.dreb_pct FROM player p JOIN player_season ps ON p.player_id = ps.player_id WHERE p.player_name = 'Rudy Gobert' AND ps.season_id = 22021;"
Andre Drummond offensive rebound percentage in 2020,"SELECT p.player_name, ps.oreb_pct FROM player p JOIN player_season ps ON p.player_id = ps.player_id WHERE p.player_name = 'Andre Drummond' AND ps.season_id = 22020;"
Giannis net rating in 2021,"SELECT p.player_name, ps.net_rating FROM player p JOIN player_season ps ON p.player_id = ps.player_id WHERE p.player_name = 'Giannis Antetokounmpo' AND ps.season_id = 22021;"
top 5 heaviest players in 2023,"SELECT p.player_name, ps.player_weight FROM player p JOIN player_season ps ON p.player_id = ps.player_id WHERE ps.season_id = 22023 ORDER BY ps.player_weight DESC LIMIT 5;"
lightest players in the NBA in 2022,"SELECT p.player_name, ps.player_weight FROM player p JOIN player_season ps ON p.player_id = ps.player_id WHERE ps.season_id = 22022 ORDER BY ps.player_weight ASC LIMIT 10;"
shortest players in the NBA in 2021,"SELECT p.player_name, ps.player_height, ps.player_height_inches FROM player p JOIN player_season ps ON p.player_id = ps.player_id WHERE ps.season_id = 22021 ORDER BY ps.player_height_inches ASC LIMIT 10;"
players over 7 feet tall in 2023,"SELECT p.player_name, ps.player_height, ps.player_height_inches FROM player p JOIN player_season ps ON p.player_id = ps.player_id WHERE ps.season_id = 22023 AND ps.player_height_inches >= 84 ORDER BY ps.player_height_inches DESC;"
players under 6 feet tall in 2022,"SELECT p.player_name, ps.player_height, ps.player_height_inches FROM player p JOIN player_season ps ON p.player_id = ps.player_id WHERE ps.season_id = 22022 AND ps.player_height_inches < 72 ORDER BY ps.player_height_inches ASC;"
players who weighed over 300 pounds in 2020,"SELECT p.player_name, ps.player_weight FROM player p JOIN player_season ps ON p.player_id = ps.player_id WHERE ps.season_id = 22020 AND ps.player_weight > 300 ORDER BY ps.player_weight DESC;"
average height of NBA players in 2023,"SELECT AVG(ps.player_height_inches) AS avg_height_inches FROM player_season ps WHERE ps.season_id = 22023;"
average weight of NBA players in 2022,"SELECT AVG(ps.player_weight) AS avg_weight FROM player_season ps WHERE ps.season_id = 22022;"
