input,output
top 5 scorers in 2023,"SELECT p.player_name, ps.pts FROM player p JOIN player_season ps ON p.player_id = ps.player_id WHERE ps.season_id = 22022 ORDER BY ps.pts DESC LIMIT 5;"
top 10 scorers in 2022,"SELECT p.player_name, ps.pts FROM player p JOIN player_season ps ON p.player_id = ps.player_id WHERE ps.season_id = 22021 ORDER BY ps.pts DESC LIMIT 10;"
top 5 rebounders in 2021,"SELECT p.player_name, ps.reb FROM player p JOIN player_season ps ON p.player_id = ps.player_id WHERE ps.season_id = 22020 ORDER BY ps.reb DESC LIMIT 5;"
top 10 rebounders in 2020,"SELECT p.player_name, ps.reb FROM player p JOIN player_season ps ON p.player_id = ps.player_id WHERE ps.season_id = 22019 ORDER BY ps.reb DESC LIMIT 10;"
top 5 assist leaders in 2019,"SELECT p.player_name, ps.ast FROM player p JOIN player_season ps ON p.player_id = ps.player_id WHERE ps.season_id = 22018 ORDER BY ps.ast DESC LIMIT 5;"
top 3 players by steals in 2018,"SELECT p.player_name, pg.stl FROM player p JOIN player_general_traditional_total pg ON p.player_id = pg.player_id WHERE pg.season_id = 22017 ORDER BY pg.stl DESC LIMIT 3;"
top 5 shot blockers in 2017,"SELECT p.player_name, pg.blk FROM player p JOIN player_general_traditional_total pg ON p.player_id = pg.player_id WHERE pg.season_id = 22016 ORDER BY pg.blk DESC LIMIT 5;"
top 10 players by total points in 2016,"SELECT p.player_name, pg.pts FROM player p JOIN player_general_traditional_total pg ON p.player_id = pg.player_id WHERE pg.season_id = 22015 ORDER BY pg.pts DESC LIMIT 10;"
top 5 players by field goal percentage in 2015,"SELECT p.player_name, pg.fg_pct FROM player p JOIN player_general_traditional_total pg ON p.player_id = pg.player_id WHERE pg.season_id = 22014 AND pg.fga >= 100 ORDER BY pg.fg_pct DESC LIMIT 5;"
top 5 three point shooters in 2014,"SELECT p.player_name, pg.fg3_pct FROM player p JOIN player_general_traditional_total pg ON p.player_id = pg.player_id WHERE pg.season_id = 22013 AND pg.fg3a >= 50 ORDER BY pg.fg3_pct DESC LIMIT 5;"
top 5 players by free throw percentage in 2013,"SELECT p.player_name, pg.ft_pct FROM player p JOIN player_general_traditional_total pg ON p.player_id = pg.player_id WHERE pg.season_id = 22012 AND pg.fta >= 50 ORDER BY pg.ft_pct DESC LIMIT 5;"
top 10 players by plus minus in 2012,"SELECT p.player_name, pg.plus_minus FROM player p JOIN player_general_traditional_total pg ON p.player_id = pg.player_id WHERE pg.season_id = 22011 ORDER BY pg.plus_minus DESC LIMIT 10;"
top 5 players by minutes played in 2011,"SELECT p.player_name, pg.min FROM player p JOIN player_general_traditional_total pg ON p.player_id = pg.player_id WHERE pg.season_id = 22010 ORDER BY pg.min DESC LIMIT 5;"
top 5 players by offensive rebounds in 2010,"SELECT p.player_name, pg.oreb FROM player p JOIN player_general_traditional_total pg ON p.player_id = pg.player_id WHERE pg.season_id = 22009 ORDER BY pg.oreb DESC LIMIT 5;"
top 5 players by defensive rebounds in 2009,"SELECT p.player_name, pg.dreb FROM player p JOIN player_general_traditional_total pg ON p.player_id = pg.player_id WHERE pg.season_id = 22008 ORDER BY pg.dreb DESC LIMIT 5;"
top 5 players by turnovers in 2008,"SELECT p.player_name, pg.tov FROM player p JOIN player_general_traditional_total pg ON p.player_id = pg.player_id WHERE pg.season_id = 22007 ORDER BY pg.tov DESC LIMIT 5;"
top 5 players by fouls in 2007,"SELECT p.player_name, pg.pf FROM player p JOIN player_general_traditional_total pg ON p.player_id = pg.player_id WHERE pg.season_id = 22006 ORDER BY pg.pf DESC LIMIT 5;"
top 5 players by games played in 2006,"SELECT p.player_name, pg.gp FROM player p JOIN player_general_traditional_total pg ON p.player_id = pg.player_id WHERE pg.season_id = 22005 ORDER BY pg.gp DESC LIMIT 5;"
top 5 players by three pointers made in 2005,"SELECT p.player_name, pg.fg3m FROM player p JOIN player_general_traditional_total pg ON p.player_id = pg.player_id WHERE pg.season_id = 22004 ORDER BY pg.fg3m DESC LIMIT 5;"
top 5 players by true shooting percentage in 2023,"SELECT p.player_name, ps.ts_pct FROM player p JOIN player_season ps ON p.player_id = ps.player_id WHERE ps.season_id = 22022 AND ps.gp >= 20 ORDER BY ps.ts_pct DESC LIMIT 5;"
top 5 players by usage rate in 2022,"SELECT p.player_name, ps.usg_pct FROM player p JOIN player_season ps ON p.player_id = ps.player_id WHERE ps.season_id = 22021 AND ps.gp >= 20 ORDER BY ps.usg_pct DESC LIMIT 5;"
top 5 players by net rating in 2021,"SELECT p.player_name, ps.net_rating FROM player p JOIN player_season ps ON p.player_id = ps.player_id WHERE ps.season_id = 22020 AND ps.gp >= 20 ORDER BY ps.net_rating DESC LIMIT 5;"
top 5 players by assist percentage in 2020,"SELECT p.player_name, ps.ast_pct FROM player p JOIN player_season ps ON p.player_id = ps.player_id WHERE ps.season_id = 22019 AND ps.gp >= 20 ORDER BY ps.ast_pct DESC LIMIT 5;"
top 5 players by offensive rebound percentage in 2019,"SELECT p.player_name, ps.oreb_pct FROM player p JOIN player_season ps ON p.player_id = ps.player_id WHERE ps.season_id = 22018 AND ps.gp >= 20 ORDER BY ps.oreb_pct DESC LIMIT 5;"
top 5 players by defensive rebound percentage in 2018,"SELECT p.player_name, ps.dreb_pct FROM player p JOIN player_season ps ON p.player_id = ps.player_id WHERE ps.season_id = 22017 AND ps.gp >= 20 ORDER BY ps.dreb_pct DESC LIMIT 5;"
which player had the most triple doubles in 2023,"SELECT p.player_name, pg.td3 FROM player p JOIN player_general_traditional_total pg ON p.player_id = pg.player_id WHERE pg.season_id = 22022 ORDER BY pg.td3 DESC LIMIT 1;"
which player had the most double doubles in 2022,"SELECT p.player_name, pg.dd2 FROM player p JOIN player_general_traditional_total pg ON p.player_id = pg.player_id WHERE pg.season_id = 22021 ORDER BY pg.dd2 DESC LIMIT 1;"
top 5 players by triple doubles in 2021,"SELECT p.player_name, pg.td3 FROM player p JOIN player_general_traditional_total pg ON p.player_id = pg.player_id WHERE pg.season_id = 22020 ORDER BY pg.td3 DESC LIMIT 5;"
top 10 players by double doubles in 2020,"SELECT p.player_name, pg.dd2 FROM player p JOIN player_general_traditional_total pg ON p.player_id = pg.player_id WHERE pg.season_id = 22019 ORDER BY pg.dd2 DESC LIMIT 10;"
best scorer in 2023,"SELECT p.player_name, ps.pts FROM player p JOIN player_season ps ON p.player_id = ps.player_id WHERE ps.season_id = 22022 ORDER BY ps.pts DESC LIMIT 1;"
best rebounder in 2022,"SELECT p.player_name, ps.reb FROM player p JOIN player_season ps ON p.player_id = ps.player_id WHERE ps.season_id = 22021 ORDER BY ps.reb DESC LIMIT 1;"
best passer in 2021,"SELECT p.player_name, ps.ast FROM player p JOIN player_season ps ON p.player_id = ps.player_id WHERE ps.season_id = 22020 ORDER BY ps.ast DESC LIMIT 1;"
best defender by steals in 2020,"SELECT p.player_name, pg.stl FROM player p JOIN player_general_traditional_total pg ON p.player_id = pg.player_id WHERE pg.season_id = 22019 ORDER BY pg.stl DESC LIMIT 1;"
best shot blocker in 2019,"SELECT p.player_name, pg.blk FROM player p JOIN player_general_traditional_total pg ON p.player_id = pg.player_id WHERE pg.season_id = 22018 ORDER BY pg.blk DESC LIMIT 1;"
top scorer in nba history,"SELECT p.player_name, SUM(pg.pts) AS career_pts FROM player p JOIN player_general_traditional_total pg ON p.player_id = pg.player_id GROUP BY p.player_name ORDER BY career_pts DESC LIMIT 1;"
top rebounder in nba history,"SELECT p.player_name, SUM(pg.reb) AS career_reb FROM player p JOIN player_general_traditional_total pg ON p.player_id = pg.player_id GROUP BY p.player_name ORDER BY career_reb DESC LIMIT 1;"
top assist leader in nba history,"SELECT p.player_name, SUM(pg.ast) AS career_ast FROM player p JOIN player_general_traditional_total pg ON p.player_id = pg.player_id GROUP BY p.player_name ORDER BY career_ast DESC LIMIT 1;"
top shot blocker in nba history,"SELECT p.player_name, SUM(pg.blk) AS career_blk FROM player p JOIN player_general_traditional_total pg ON p.player_id = pg.player_id GROUP BY p.player_name ORDER BY career_blk DESC LIMIT 1;"
top steal leader in nba history,"SELECT p.player_name, SUM(pg.stl) AS career_stl FROM player p JOIN player_general_traditional_total pg ON p.player_id = pg.player_id GROUP BY p.player_name ORDER BY career_stl DESC LIMIT 1;"
LeBron's points per game in 2023,"SELECT p.player_name, ps.pts FROM player p JOIN player_season ps ON p.player_id = ps.player_id WHERE ps.season_id = 22022 AND p.player_name = 'LeBron James';"
LeBron's rebounds per game in 2022,"SELECT p.player_name, ps.reb FROM player p JOIN player_season ps ON p.player_id = ps.player_id WHERE ps.season_id = 22021 AND p.player_name = 'LeBron James';"
LeBron's assists per game in 2021,"SELECT p.player_name, ps.ast FROM player p JOIN player_season ps ON p.player_id = ps.player_id WHERE ps.season_id = 22020 AND p.player_name = 'LeBron James';"
LeBron's stats in 2020,"SELECT p.player_name, ps.pts, ps.reb, ps.ast, ps.net_rating FROM player p JOIN player_season ps ON p.player_id = ps.player_id WHERE ps.season_id = 22019 AND p.player_name = 'LeBron James';"
Stephen Curry's three pointers made in 2016,"SELECT p.player_name, pg.fg3m FROM player p JOIN player_general_traditional_total pg ON p.player_id = pg.player_id WHERE pg.season_id = 22015 AND p.player_name = 'Stephen Curry';"
Stephen Curry's three point percentage in 2016,"SELECT p.player_name, pg.fg3_pct FROM player p JOIN player_general_traditional_total pg ON p.player_id = pg.player_id WHERE pg.season_id = 22015 AND p.player_name = 'Stephen Curry';"
Kevin Durant's field goal percentage in 2014,"SELECT p.player_name, pg.fg_pct FROM player p JOIN player_general_traditional_total pg ON p.player_id = pg.player_id WHERE pg.season_id = 22013 AND p.player_name = 'Kevin Durant';"
Giannis's stats in 2019,"SELECT p.player_name, ps.pts, ps.reb, ps.ast, ps.net_rating FROM player p JOIN player_season ps ON p.player_id = ps.player_id WHERE ps.season_id = 22018 AND p.player_name = 'Giannis Antetokounmpo';"
James Harden's assists per game in 2020,"SELECT p.player_name, ps.ast FROM player p JOIN player_season ps ON p.player_id = ps.player_id WHERE ps.season_id = 22019 AND p.player_name = 'James Harden';"
Russell Westbrook's triple doubles in 2017,"SELECT p.player_name, pg.td3 FROM player p JOIN player_general_traditional_total pg ON p.player_id = pg.player_id WHERE pg.season_id = 22016 AND p.player_name = 'Russell Westbrook';"
Kawhi Leonard's steals per game in 2016,"SELECT p.player_name, pg.stl FROM player p JOIN player_general_traditional_total pg ON p.player_id = pg.player_id WHERE pg.season_id = 22015 AND p.player_name = 'Kawhi Leonard';"
Rudy Gobert's blocks in 2019,"SELECT p.player_name, pg.blk FROM player p JOIN player_general_traditional_total pg ON p.player_id = pg.player_id WHERE pg.season_id = 22018 AND p.player_name = 'Rudy Gobert';"
Kobe Bryant's scoring average in 2006,"SELECT p.player_name, ps.pts FROM player p JOIN player_season ps ON p.player_id = ps.player_id WHERE ps.season_id = 22005 AND p.player_name = 'Kobe Bryant';"
Shaquille O'Neal's field goal percentage in 2001,"SELECT p.player_name, pg.fg_pct FROM player p JOIN player_general_traditional_total pg ON p.player_id = pg.player_id WHERE pg.season_id = 22000 AND p.player_name = 'Shaquille O''Neal';"
Allen Iverson's points per game in 2001,"SELECT p.player_name, ps.pts FROM player p JOIN player_season ps ON p.player_id = ps.player_id WHERE ps.season_id = 22000 AND p.player_name = 'Allen Iverson';"
Dirk Nowitzki's stats in 2007,"SELECT p.player_name, ps.pts, ps.reb, ps.ast FROM player p JOIN player_season ps ON p.player_id = ps.player_id WHERE ps.season_id = 22006 AND p.player_name = 'Dirk Nowitzki';"
Tim Duncan's rebounds in 2003,"SELECT p.player_name, ps.reb FROM player p JOIN player_season ps ON p.player_id = ps.player_id WHERE ps.season_id = 22002 AND p.player_name = 'Tim Duncan';"
Kevin Garnett's net rating in 2004,"SELECT p.player_name, ps.net_rating FROM player p JOIN player_season ps ON p.player_id = ps.player_id WHERE ps.season_id = 22003 AND p.player_name = 'Kevin Garnett';"
all players who scored more than 30 points per game in 2023,"SELECT p.player_name, ps.pts FROM player p JOIN player_season ps ON p.player_id = ps.player_id WHERE ps.season_id = 22022 AND ps.pts > 30 ORDER BY ps.pts DESC;"
which players averaged over 10 rebounds in 2022,"SELECT p.player_name, ps.reb FROM player p JOIN player_season ps ON p.player_id = ps.player_id WHERE ps.season_id = 22021 AND ps.reb > 10 ORDER BY ps.reb DESC;"
which players averaged over 10 assists per game in 2021,"SELECT p.player_name, ps.ast FROM player p JOIN player_season ps ON p.player_id = ps.player_id WHERE ps.season_id = 22020 AND ps.ast > 10 ORDER BY ps.ast DESC;"
players who shot over 50 percent from the field in 2020,"SELECT p.player_name, pg.fg_pct FROM player p JOIN player_general_traditional_total pg ON p.player_id = pg.player_id WHERE pg.season_id = 22019 AND pg.fg_pct > 0.50 AND pg.fga >= 100 ORDER BY pg.fg_pct DESC;"
players who shot over 40 percent from three in 2019,"SELECT p.player_name, pg.fg3_pct FROM player p JOIN player_general_traditional_total pg ON p.player_id = pg.player_id WHERE pg.season_id = 22018 AND pg.fg3_pct > 0.40 AND pg.fg3a >= 50 ORDER BY pg.fg3_pct DESC;"
players who shot over 90 percent from the free throw line in 2018,"SELECT p.player_name, pg.ft_pct FROM player p JOIN player_general_traditional_total pg ON p.player_id = pg.player_id WHERE pg.season_id = 22017 AND pg.ft_pct > 0.90 AND pg.fta >= 50 ORDER BY pg.ft_pct DESC;"
players who had more than 100 blocks in 2017,"SELECT p.player_name, pg.blk FROM player p JOIN player_general_traditional_total pg ON p.player_id = pg.player_id WHERE pg.season_id = 22016 AND pg.blk > 100 ORDER BY pg.blk DESC;"
players who had more than 150 steals in 2016,"SELECT p.player_name, pg.stl FROM player p JOIN player_general_traditional_total pg ON p.player_id = pg.player_id WHERE pg.season_id = 22015 AND pg.stl > 150 ORDER BY pg.stl DESC;"
players who had more than 2000 points in 2015,"SELECT p.player_name, pg.pts FROM player p JOIN player_general_traditional_total pg ON p.player_id = pg.player_id WHERE pg.season_id = 22014 AND pg.pts > 2000 ORDER BY pg.pts DESC;"
players who had more than 20 triple doubles in 2017,"SELECT p.player_name, pg.td3 FROM player p JOIN player_general_traditional_total pg ON p.player_id = pg.player_id WHERE pg.season_id = 22016 AND pg.td3 > 20 ORDER BY pg.td3 DESC;"
all players from the USA,SELECT player_name FROM player WHERE country = 'USA' ORDER BY player_name;
all players from France,SELECT player_name FROM player WHERE country = 'France' ORDER BY player_name;
players drafted in the first round in 2003,"SELECT player_name, draft_number FROM player WHERE draft_year = 2003 AND draft_round = 1 ORDER BY draft_number;"
players who went undrafted,SELECT player_name FROM player WHERE draft_round = 'Undrafted' ORDER BY player_name;
players drafted number 1 overall,"SELECT player_name, draft_year FROM player WHERE draft_number = 1 ORDER BY draft_year DESC;"
players from Duke,SELECT player_name FROM player WHERE college = 'Duke' ORDER BY player_name;
players from Kentucky,SELECT player_name FROM player WHERE college = 'Kentucky' ORDER BY player_name;
players with a net rating above 10 in 2023,"SELECT p.player_name, ps.net_rating FROM player p JOIN player_season ps ON p.player_id = ps.player_id WHERE ps.season_id = 22022 AND ps.net_rating > 10 AND ps.gp >= 20 ORDER BY ps.net_rating DESC;"
players with a usage rate above 30 percent in 2022,"SELECT p.player_name, ps.usg_pct FROM player p JOIN player_season ps ON p.player_id = ps.player_id WHERE ps.season_id = 22021 AND ps.usg_pct > 0.30 AND ps.gp >= 20 ORDER BY ps.usg_pct DESC;"
players with a true shooting percentage above 65 percent in 2021,"SELECT p.player_name, ps.ts_pct FROM player p JOIN player_season ps ON p.player_id = ps.player_id WHERE ps.season_id = 22020 AND ps.ts_pct > 0.65 AND ps.gp >= 20 ORDER BY ps.ts_pct DESC;"
players who played all 82 games in 2023,"SELECT p.player_name, pg.gp FROM player p JOIN player_general_traditional_total pg ON p.player_id = pg.player_id WHERE pg.season_id = 22022 AND pg.gp = 82 ORDER BY p.player_name;"
players who had more than 500 rebounds in 2020,"SELECT p.player_name, pg.reb FROM player p JOIN player_general_traditional_total pg ON p.player_id = pg.player_id WHERE pg.season_id = 22019 AND pg.reb > 500 ORDER BY pg.reb DESC;"
players who averaged a double double in 2022,"SELECT p.player_name, ps.pts, ps.reb FROM player p JOIN player_season ps ON p.player_id = ps.player_id WHERE ps.season_id = 22021 AND ps.pts >= 10 AND ps.reb >= 10 ORDER BY ps.pts DESC;"
players who averaged 20 points and 10 rebounds in 2021,"SELECT p.player_name, ps.pts, ps.reb FROM player p JOIN player_season ps ON p.player_id = ps.player_id WHERE ps.season_id = 22020 AND ps.pts >= 20 AND ps.reb >= 10 ORDER BY ps.pts DESC;"
players who averaged 20 points and 10 assists in 2020,"SELECT p.player_name, ps.pts, ps.ast FROM player p JOIN player_season ps ON p.player_id = ps.player_id WHERE ps.season_id = 22019 AND ps.pts >= 20 AND ps.ast >= 10 ORDER BY ps.pts DESC;"
players who averaged at least 20-5-5 in 2019,"SELECT p.player_name, ps.pts, ps.reb, ps.ast FROM player p JOIN player_season ps ON p.player_id = ps.player_id WHERE ps.season_id = 22018 AND ps.pts >= 20 AND ps.reb >= 5 AND ps.ast >= 5 ORDER BY ps.pts DESC;"
players who have scored over 20000 career points,"SELECT p.player_name, SUM(pg.pts) AS career_pts FROM player p JOIN player_general_traditional_total pg ON p.player_id = pg.player_id GROUP BY p.player_name HAVING SUM(pg.pts) > 20000 ORDER BY career_pts DESC;"
players who have grabbed over 10000 career rebounds,"SELECT p.player_name, SUM(pg.reb) AS career_reb FROM player p JOIN player_general_traditional_total pg ON p.player_id = pg.player_id GROUP BY p.player_name HAVING SUM(pg.reb) > 10000 ORDER BY career_reb DESC;"
players who have over 5000 career assists,"SELECT p.player_name, SUM(pg.ast) AS career_ast FROM player p JOIN player_general_traditional_total pg ON p.player_id = pg.player_id GROUP BY p.player_name HAVING SUM(pg.ast) > 5000 ORDER BY career_ast DESC;"
players who have over 2000 career blocks,"SELECT p.player_name, SUM(pg.blk) AS career_blk FROM player p JOIN player_general_traditional_total pg ON p.player_id = pg.player_id GROUP BY p.player_name HAVING SUM(pg.blk) > 2000 ORDER BY career_blk DESC;"
players who have over 2000 career steals,"SELECT p.player_name, SUM(pg.stl) AS career_stl FROM player p JOIN player_general_traditional_total pg ON p.player_id = pg.player_id GROUP BY p.player_name HAVING SUM(pg.stl) > 2000 ORDER BY career_stl DESC;"
players who have appeared in over 1000 career games,"SELECT p.player_name, SUM(pg.gp) AS career_gp FROM player p JOIN player_general_traditional_total pg ON p.player_id = pg.player_id GROUP BY p.player_name HAVING SUM(pg.gp) > 1000 ORDER BY career_gp DESC;"
players who have made over 1000 career three pointers,"SELECT p.player_name, SUM(pg.fg3m) AS career_fg3m FROM player p JOIN player_general_traditional_total pg ON p.player_id = pg.player_id GROUP BY p.player_name HAVING SUM(pg.fg3m) > 1000 ORDER BY career_fg3m DESC;"
players who have over 3000 career triple doubles,"SELECT p.player_name, SUM(pg.td3) AS career_td3 FROM player p JOIN player_general_traditional_total pg ON p.player_id = pg.player_id GROUP BY p.player_name HAVING SUM(pg.td3) > 100 ORDER BY career_td3 DESC;"
who won the scoring title in 2023,"SELECT p.player_name, ps.pts FROM player p JOIN player_season ps ON p.player_id = ps.player_id WHERE ps.season_id = 22022 ORDER BY ps.pts DESC LIMIT 1;"
who won the scoring title in 2020,"SELECT p.player_name, ps.pts FROM player p JOIN player_season ps ON p.player_id = ps.player_id WHERE ps.season_id = 22019 ORDER BY ps.pts DESC LIMIT 1;"
who won the scoring title in 2006,"SELECT p.player_name, ps.pts FROM player p JOIN player_season ps ON p.player_id = ps.player_id WHERE ps.season_id = 22005 ORDER BY ps.pts DESC LIMIT 1;"
who led the league in assists in 2023,"SELECT p.player_name, ps.ast FROM player p JOIN player_season ps ON p.player_id = ps.player_id WHERE ps.season_id = 22022 ORDER BY ps.ast DESC LIMIT 1;"
who led the league in rebounds in 2022,"SELECT p.player_name, ps.reb FROM player p JOIN player_season ps ON p.player_id = ps.player_id WHERE ps.season_id = 22021 ORDER BY ps.reb DESC LIMIT 1;"
who led the league in steals in 2021,"SELECT p.player_name, pg.stl FROM player p JOIN player_general_traditional_total pg ON p.player_id = pg.player_id WHERE pg.season_id = 22020 ORDER BY pg.stl DESC LIMIT 1;"
who led the league in blocks in 2020,"SELECT p.player_name, pg.blk FROM player p JOIN player_general_traditional_total pg ON p.player_id = pg.player_id WHERE pg.season_id = 22019 ORDER BY pg.blk DESC LIMIT 1;"
who led the league in three pointers made in 2016,"SELECT p.player_name, pg.fg3m FROM player p JOIN player_general_traditional_total pg ON p.player_id = pg.player_id WHERE pg.season_id = 22015 ORDER BY pg.fg3m DESC LIMIT 1;"
who led the league in triple doubles in 2017,"SELECT p.player_name, pg.td3 FROM player p JOIN player_general_traditional_total pg ON p.player_id = pg.player_id WHERE pg.season_id = 22016 ORDER BY pg.td3 DESC LIMIT 1;"
who led the league in plus minus in 2023,"SELECT p.player_name, pg.plus_minus FROM player p JOIN player_general_traditional_total pg ON p.player_id = pg.player_id WHERE pg.season_id = 22022 ORDER BY pg.plus_minus DESC LIMIT 1;"
who had the highest field goal percentage in 2022,"SELECT p.player_name, pg.fg_pct FROM player p JOIN player_general_traditional_total pg ON p.player_id = pg.player_id WHERE pg.season_id = 22021 AND pg.fga >= 100 ORDER BY pg.fg_pct DESC LIMIT 1;"
who had the highest three point percentage in 2021,"SELECT p.player_name, pg.fg3_pct FROM player p JOIN player_general_traditional_total pg ON p.player_id = pg.player_id WHERE pg.season_id = 22020 AND pg.fg3a >= 50 ORDER BY pg.fg3_pct DESC LIMIT 1;"
who had the highest free throw percentage in 2019,"SELECT p.player_name, pg.ft_pct FROM player p JOIN player_general_traditional_total pg ON p.player_id = pg.player_id WHERE pg.season_id = 22018 AND pg.fta >= 50 ORDER BY pg.ft_pct DESC LIMIT 1;"
who had the best net rating in 2023,"SELECT p.player_name, ps.net_rating FROM player p JOIN player_season ps ON p.player_id = ps.player_id WHERE ps.season_id = 22022 AND ps.gp >= 20 ORDER BY ps.net_rating DESC LIMIT 1;"
who had the highest usage rate in 2022,"SELECT p.player_name, ps.usg_pct FROM player p JOIN player_season ps ON p.player_id = ps.player_id WHERE ps.season_id = 22021 AND ps.gp >= 20 ORDER BY ps.usg_pct DESC LIMIT 1;"
who had the best true shooting percentage in 2021,"SELECT p.player_name, ps.ts_pct FROM player p JOIN player_season ps ON p.player_id = ps.player_id WHERE ps.season_id = 22020 AND ps.gp >= 20 ORDER BY ps.ts_pct DESC LIMIT 1;"
who scored the most points per game in nba history,"SELECT p.player_name, AVG(ps.pts) AS avg_pts FROM player p JOIN player_season ps ON p.player_id = ps.player_id GROUP BY p.player_name ORDER BY avg_pts DESC LIMIT 1;"
who averaged the most rebounds per game in nba history,"SELECT p.player_name, AVG(ps.reb) AS avg_reb FROM player p JOIN player_season ps ON p.player_id = ps.player_id GROUP BY p.player_name ORDER BY avg_reb DESC LIMIT 1;"
who averaged the most assists per game in nba history,"SELECT p.player_name, AVG(ps.ast) AS avg_ast FROM player p JOIN player_season ps ON p.player_id = ps.player_id GROUP BY p.player_name ORDER BY avg_ast DESC LIMIT 1;"
who scored more points LeBron or Jordan,"SELECT p.player_name, SUM(pg.pts) AS career_pts FROM player p JOIN player_general_traditional_total pg ON p.player_id = pg.player_id WHERE p.player_name IN ('LeBron James', 'Michael Jordan') GROUP BY p.player_name ORDER BY career_pts DESC;"
who has more career rebounds LeBron or Shaq,"SELECT p.player_name, SUM(pg.reb) AS career_reb FROM player p JOIN player_general_traditional_total pg ON p.player_id = pg.player_id WHERE p.player_name IN ('LeBron James', 'Shaquille O''Neal') GROUP BY p.player_name ORDER BY career_reb DESC;"
compare career assists between Magic Johnson and John Stockton,"SELECT p.player_name, SUM(pg.ast) AS career_ast FROM player p JOIN player_general_traditional_total pg ON p.player_id = pg.player_id WHERE p.player_name IN ('Magic Johnson', 'John Stockton') GROUP BY p.player_name ORDER BY career_ast DESC;"
compare career blocks between Hakeem Olajuwon and Dikembe Mutombo,"SELECT p.player_name, SUM(pg.blk) AS career_blk FROM player p JOIN player_general_traditional_total pg ON p.player_id = pg.player_id WHERE p.player_name IN ('Hakeem Olajuwon', 'Dikembe Mutombo') GROUP BY p.player_name ORDER BY career_blk DESC;"
who averaged more points per game Kobe or LeBron,"SELECT p.player_name, AVG(ps.pts) AS avg_pts FROM player p JOIN player_season ps ON p.player_id = ps.player_id WHERE p.player_name IN ('Kobe Bryant', 'LeBron James') GROUP BY p.player_name ORDER BY avg_pts DESC;"
compare scoring between Curry and Harden in 2019,"SELECT p.player_name, ps.pts FROM player p JOIN player_season ps ON p.player_id = ps.player_id WHERE ps.season_id = 22018 AND p.player_name IN ('Stephen Curry', 'James Harden');"
compare rebounds between Giannis and Jokic in 2022,"SELECT p.player_name, ps.reb FROM player p JOIN player_season ps ON p.player_id = ps.player_id WHERE ps.season_id = 22021 AND p.player_name IN ('Giannis Antetokounmpo', 'Nikola Jokic');"
compare all stats between LeBron and Durant in 2013,"SELECT p.player_name, ps.pts, ps.reb, ps.ast, ps.net_rating FROM player p JOIN player_season ps ON p.player_id = ps.player_id WHERE ps.season_id = 22012 AND p.player_name IN ('LeBron James', 'Kevin Durant');"
who had a better plus minus LeBron or Durant in 2016,"SELECT p.player_name, pg.plus_minus FROM player p JOIN player_general_traditional_total pg ON p.player_id = pg.player_id WHERE pg.season_id = 22015 AND p.player_name IN ('LeBron James', 'Kevin Durant') ORDER BY pg.plus_minus DESC;"
who had a better net rating Giannis or Jokic in 2020,"SELECT p.player_name, ps.net_rating FROM player p JOIN player_season ps ON p.player_id = ps.player_id WHERE ps.season_id = 22019 AND p.player_name IN ('Giannis Antetokounmpo', 'Nikola Jokic');"
all games played on Christmas 2022,"SELECT g.game_id, g.date, t.city, t.nickname FROM game g JOIN team t ON g.team_id_home_id = t.team_id WHERE g.date = '2022-12-25';"
all games played on January 1 2023,"SELECT g.game_id, g.date, t.city, t.nickname FROM game g JOIN team t ON g.team_id_home_id = t.team_id WHERE g.date = '2023-01-01';"
how many games did the Lakers play in 2023,SELECT COUNT(DISTINCT pgl.game_id) AS games_played FROM player_game_log pgl JOIN team t ON pgl.team_id = t.team_id WHERE pgl.season_id = 22022 AND t.nickname = 'Lakers';
highest scoring game by a player in 2006,"SELECT p.player_name, pgl.pts, g.date FROM player p JOIN player_game_log pgl ON p.player_id = pgl.player_id JOIN game g ON pgl.game_id = g.game_id WHERE pgl.season_id = 22005 ORDER BY pgl.pts DESC LIMIT 1;"
games where a player scored over 60 points,"SELECT p.player_name, pgl.pts, g.date FROM player p JOIN player_game_log pgl ON p.player_id = pgl.player_id JOIN game g ON pgl.game_id = g.game_id WHERE pgl.pts > 60 ORDER BY pgl.pts DESC;"
games where a player had over 20 rebounds,"SELECT p.player_name, pgl.reb, g.date FROM player p JOIN player_game_log pgl ON p.player_id = pgl.player_id JOIN game g ON pgl.game_id = g.game_id WHERE pgl.reb > 20 ORDER BY pgl.reb DESC;"
games where a player had over 20 assists,"SELECT p.player_name, pgl.ast, g.date FROM player p JOIN player_game_log pgl ON p.player_id = pgl.player_id JOIN game g ON pgl.game_id = g.game_id WHERE pgl.ast > 20 ORDER BY pgl.ast DESC;"
games where a player shot a perfect game from the field,"SELECT p.player_name, pgl.fg_pct, pgl.fga, g.date FROM player p JOIN player_game_log pgl ON p.player_id = pgl.player_id JOIN game g ON pgl.game_id = g.game_id WHERE pgl.fg_pct = 1.0 AND pgl.fga >= 5 ORDER BY pgl.fga DESC;"
all of Kobe's 50 point games,"SELECT p.player_name, pgl.pts, g.date FROM player p JOIN player_game_log pgl ON p.player_id = pgl.player_id JOIN game g ON pgl.game_id = g.game_id WHERE p.player_name = 'Kobe Bryant' AND pgl.pts >= 50 ORDER BY pgl.pts DESC;"
Lakers players in 2023,"SELECT p.player_name, ps.pts, ps.reb, ps.ast FROM player p JOIN player_season ps ON p.player_id = ps.player_id JOIN team t ON ps.team_id = t.team_id WHERE ps.season_id = 22022 AND t.nickname = 'Lakers' ORDER BY ps.pts DESC;"
Celtics players in 2024,"SELECT p.player_name, ps.pts, ps.reb, ps.ast FROM player p JOIN player_season ps ON p.player_id = ps.player_id JOIN team t ON ps.team_id = t.team_id WHERE ps.season_id = 22023 AND t.nickname = 'Celtics' ORDER BY ps.pts DESC;"
best scorer on the Bucks in 2021,"SELECT p.player_name, ps.pts FROM player p JOIN player_season ps ON p.player_id = ps.player_id JOIN team t ON ps.team_id = t.team_id WHERE ps.season_id = 22020 AND t.nickname = 'Bucks' ORDER BY ps.pts DESC LIMIT 1;"
best rebounder on the Nuggets in 2023,"SELECT p.player_name, ps.reb FROM player p JOIN player_season ps ON p.player_id = ps.player_id JOIN team t ON ps.team_id = t.team_id WHERE ps.season_id = 22022 AND t.nickname = 'Nuggets' ORDER BY ps.reb DESC LIMIT 1;"
top 3 scorers on the Heat in 2013,"SELECT p.player_name, ps.pts FROM player p JOIN player_season ps ON p.player_id = ps.player_id JOIN team t ON ps.team_id = t.team_id WHERE ps.season_id = 22012 AND t.nickname = 'Heat' ORDER BY ps.pts DESC LIMIT 3;"
top 5 scorers on the Warriors in 2016,"SELECT p.player_name, ps.pts FROM player p JOIN player_season ps ON p.player_id = ps.player_id JOIN team t ON ps.team_id = t.team_id WHERE ps.season_id = 22015 AND t.nickname = 'Warriors' ORDER BY ps.pts DESC LIMIT 5;"
how many players played for the Knicks in 2022,SELECT COUNT(DISTINCT ps.player_id) AS num_players FROM player_season ps JOIN team t ON ps.team_id = t.team_id WHERE ps.season_id = 22021 AND t.nickname = 'Knicks';
which teams did LeBron play for,"SELECT DISTINCT t.city, t.nickname, pg.season_id FROM player p JOIN player_general_traditional_total pg ON p.player_id = pg.player_id JOIN team t ON pg.team_id = t.team_id WHERE p.player_name = 'LeBron James' ORDER BY pg.season_id;"
how many seasons did Kobe play,SELECT COUNT(DISTINCT pg.season_id) AS seasons FROM player p JOIN player_general_traditional_total pg ON p.player_id = pg.player_id WHERE p.player_name = 'Kobe Bryant';
how many seasons did Tim Duncan play,SELECT COUNT(DISTINCT pg.season_id) AS seasons FROM player p JOIN player_general_traditional_total pg ON p.player_id = pg.player_id WHERE p.player_name = 'Tim Duncan';
LeBron's career stats by season,"SELECT pg.season_id, ps.pts, ps.reb, ps.ast, ps.net_rating FROM player p JOIN player_season ps ON p.player_id = ps.player_id JOIN player_general_traditional_total pg ON p.player_id = pg.player_id AND ps.season_id = pg.season_id WHERE p.player_name = 'LeBron James' ORDER BY ps.season_id;"
Kobe's scoring average by season,"SELECT ps.season_id, ps.pts FROM player p JOIN player_season ps ON p.player_id = ps.player_id WHERE p.player_name = 'Kobe Bryant' ORDER BY ps.season_id;"
which player has won the most scoring titles,"SELECT p.player_name, COUNT(*) AS scoring_titles FROM player p JOIN player_season ps ON p.player_id = ps.player_id WHERE ps.pts = (SELECT MAX(ps2.pts) FROM player_season ps2 WHERE ps2.season_id = ps.season_id) GROUP BY p.player_name ORDER BY scoring_titles DESC LIMIT 1;"
who has the most seasons leading the league in rebounds,"SELECT p.player_name, COUNT(*) AS reb_titles FROM player p JOIN player_season ps ON p.player_id = ps.player_id WHERE ps.reb = (SELECT MAX(ps2.reb) FROM player_season ps2 WHERE ps2.season_id = ps.season_id) GROUP BY p.player_name ORDER BY reb_titles DESC LIMIT 1;"
who has the most seasons leading the league in assists,"SELECT p.player_name, COUNT(*) AS ast_titles FROM player p JOIN player_season ps ON p.player_id = ps.player_id WHERE ps.ast = (SELECT MAX(ps2.ast) FROM player_season ps2 WHERE ps2.season_id = ps.season_id) GROUP BY p.player_name ORDER BY ast_titles DESC LIMIT 1;"
players drafted from Duke,"SELECT player_name, draft_year, draft_number FROM player WHERE college = 'Duke' AND draft_round != 'Undrafted' ORDER BY draft_year;"
players drafted in the lottery in 2003,"SELECT player_name, draft_number FROM player WHERE draft_year = 2003 AND draft_round = 1 AND CAST(draft_number AS INTEGER) <= 14 ORDER BY CAST(draft_number AS INTEGER);"
youngest player to average 25 points per game in a season,"SELECT p.player_name, ps.pts, ps.age FROM player p JOIN player_season ps ON p.player_id = ps.player_id WHERE ps.pts >= 25 ORDER BY ps.age ASC LIMIT 1;"
oldest player to average 20 points per game in a season,"SELECT p.player_name, ps.pts, ps.age FROM player p JOIN player_season ps ON p.player_id = ps.player_id WHERE ps.pts >= 20 ORDER BY ps.age DESC LIMIT 1;"
how tall is LeBron James,"SELECT p.player_name, ps.player_height, ps.player_height_inches FROM player p JOIN player_season ps ON p.player_id = ps.player_id WHERE p.player_name = 'LeBron James' LIMIT 1;"
heaviest players in the league in 2023,"SELECT p.player_name, ps.player_weight FROM player p JOIN player_season ps ON p.player_id = ps.player_id WHERE ps.season_id = 22022 ORDER BY ps.player_weight DESC LIMIT 10;"
tallest players in the league in 2023,"SELECT p.player_name, ps.player_height_inches FROM player p JOIN player_season ps ON p.player_id = ps.player_id WHERE ps.season_id = 22022 ORDER BY ps.player_height_inches DESC LIMIT 10;"
all home games the Celtics played in 2022,"SELECT g.game_id, g.date FROM game g JOIN team t ON g.team_id_home_id = t.team_id WHERE t.nickname = 'Celtics' AND g.season_id = 22021 ORDER BY g.date;"
players who improved their scoring average the most from 2021 to 2022,"SELECT p.player_name, ps2022.pts - ps2021.pts AS pts_improvement FROM player p JOIN player_season ps2021 ON p.player_id = ps2021.player_id AND ps2021.season_id = 22020 JOIN player_season ps2022 ON p.player_id = ps2022.player_id AND ps2022.season_id = 22021 WHERE ps2021.gp >= 20 AND ps2022.gp >= 20 ORDER BY pts_improvement DESC LIMIT 5;"
players who improved their assists the most from 2022 to 2023,"SELECT p.player_name, ps2023.ast - ps2022.ast AS ast_improvement FROM player p JOIN player_season ps2022 ON p.player_id = ps2022.player_id AND ps2022.season_id = 22021 JOIN player_season ps2023 ON p.player_id = ps2023.player_id AND ps2023.season_id = 22022 WHERE ps2022.gp >= 20 AND ps2023.gp >= 20 ORDER BY ast_improvement DESC LIMIT 5;"
LeBron's stats in his rookie season,"SELECT p.player_name, ps.pts, ps.reb, ps.ast, ps.season_id FROM player p JOIN player_season ps ON p.player_id = ps.player_id WHERE p.player_name = 'LeBron James' ORDER BY ps.season_id ASC LIMIT 1;"
Kobe's last season stats,"SELECT p.player_name, ps.pts, ps.reb, ps.ast, ps.season_id FROM player p JOIN player_season ps ON p.player_id = ps.player_id WHERE p.player_name = 'Kobe Bryant' ORDER BY ps.season_id DESC LIMIT 1;"
which team was founded first,"SELECT city, nickname, year_founded FROM team ORDER BY year_founded ASC LIMIT 1;"
all teams founded before 1960,"SELECT city, nickname, year_founded FROM team WHERE year_founded < 1960 ORDER BY year_founded;"
list all NBA teams,"SELECT city, nickname, abbreviation FROM team ORDER BY city;"
how many teams are in the NBA,SELECT COUNT(*) AS total_teams FROM team;
LeBron's average stats across his entire career,"SELECT p.player_name, AVG(ps.pts) AS avg_pts, AVG(ps.reb) AS avg_reb, AVG(ps.ast) AS avg_ast FROM player p JOIN player_season ps ON p.player_id = ps.player_id WHERE p.player_name = 'LeBron James' GROUP BY p.player_name;"
Kobe's career averages,"SELECT p.player_name, AVG(ps.pts) AS avg_pts, AVG(ps.reb) AS avg_reb, AVG(ps.ast) AS avg_ast FROM player p JOIN player_season ps ON p.player_id = ps.player_id WHERE p.player_name = 'Kobe Bryant' GROUP BY p.player_name;"
players with the highest career scoring average minimum 400 games,"SELECT p.player_name, AVG(ps.pts) AS avg_pts FROM player p JOIN player_season ps ON p.player_id = ps.player_id GROUP BY p.player_name HAVING SUM(ps.gp) >= 400 ORDER BY avg_pts DESC LIMIT 10;"
players with the highest career rebound average minimum 400 games,"SELECT p.player_name, AVG(ps.reb) AS avg_reb FROM player p JOIN player_season ps ON p.player_id = ps.player_id GROUP BY p.player_name HAVING SUM(ps.gp) >= 400 ORDER BY avg_reb DESC LIMIT 10;"
players with the highest career assist average minimum 400 games,"SELECT p.player_name, AVG(ps.ast) AS avg_ast FROM player p JOIN player_season ps ON p.player_id = ps.player_id GROUP BY p.player_name HAVING SUM(ps.gp) >= 400 ORDER BY avg_ast DESC LIMIT 10;"
top 5 players by fantasy points in 2023,"SELECT p.player_name, pg.nba_fantasy_pts FROM player p JOIN player_general_traditional_total pg ON p.player_id = pg.player_id WHERE pg.season_id = 22022 ORDER BY pg.nba_fantasy_pts DESC LIMIT 5;"
top 10 players by fantasy points in 2022,"SELECT p.player_name, pg.nba_fantasy_pts FROM player p JOIN player_general_traditional_total pg ON p.player_id = pg.player_id WHERE pg.season_id = 22021 ORDER BY pg.nba_fantasy_pts DESC LIMIT 10;"
players with the best win percentage in 2021,"SELECT p.player_name, pg.w_pct FROM player p JOIN player_general_traditional_total pg ON p.player_id = pg.player_id WHERE pg.season_id = 22020 AND pg.gp >= 20 ORDER BY pg.w_pct DESC LIMIT 10;"
how many players averaged over 20 points in 2023,SELECT COUNT(*) AS num_players FROM player_season WHERE season_id = 22022 AND pts > 20;
how many players averaged a double double in 2022,SELECT COUNT(*) AS num_players FROM player_season WHERE season_id = 22021 AND pts >= 10 AND reb >= 10;
average points scored per player in 2023,SELECT AVG(ps.pts) AS league_avg_pts FROM player_season ps WHERE ps.season_id = 22022;
average rebounds per player in 2022,SELECT AVG(ps.reb) AS league_avg_reb FROM player_season ps WHERE ps.season_id = 22021;
which season had the highest average scoring,"SELECT season_id, AVG(pts) AS avg_pts FROM player_season GROUP BY season_id ORDER BY avg_pts DESC LIMIT 1;"
players who played for both the Lakers and Celtics,SELECT DISTINCT p.player_name FROM player p JOIN player_general_traditional_total pg1 ON p.player_id = pg1.player_id JOIN team t1 ON pg1.team_id = t1.team_id JOIN player_general_traditional_total pg2 ON p.player_id = pg2.player_id JOIN team t2 ON pg2.team_id = t2.team_id WHERE t1.nickname = 'Lakers' AND t2.nickname = 'Celtics';
players who played for more than 5 different teams,"SELECT p.player_name, COUNT(DISTINCT pg.team_id) AS num_teams FROM player p JOIN player_general_traditional_total pg ON p.player_id = pg.player_id GROUP BY p.player_name HAVING COUNT(DISTINCT pg.team_id) > 5 ORDER BY num_teams DESC;"
who was ballin the hardest in 2008,"SELECT p.player_name, ps.pts FROM player p JOIN player_season ps ON p.player_id = ps.player_id WHERE ps.season_id = 22007 ORDER BY ps.pts DESC LIMIT 1;"
lebron ppg 2016,"SELECT p.player_name, ps.pts FROM player p JOIN player_season ps ON p.player_id = ps.player_id WHERE ps.season_id = 22015 AND p.player_name = 'LeBron James';"
who dropped the most dimes in 2014,"SELECT p.player_name, ps.ast FROM player p JOIN player_season ps ON p.player_id = ps.player_id WHERE ps.season_id = 22013 ORDER BY ps.ast DESC LIMIT 1;"
kobe stats 05-06,"SELECT p.player_name, ps.pts, ps.reb, ps.ast FROM player p JOIN player_season ps ON p.player_id = ps.player_id WHERE ps.season_id = 22005 AND p.player_name = 'Kobe Bryant';"
who grabbed the most boards in 2011,"SELECT p.player_name, ps.reb FROM player p JOIN player_season ps ON p.player_id = ps.player_id WHERE ps.season_id = 22010 ORDER BY ps.reb DESC LIMIT 1;"
curry 3s made 2016,"SELECT p.player_name, pg.fg3m FROM player p JOIN player_general_traditional_total pg ON p.player_id = pg.player_id WHERE pg.season_id = 22015 AND p.player_name = 'Stephen Curry';"
best lockdown defender steals 2018,"SELECT p.player_name, pg.stl FROM player p JOIN player_general_traditional_total pg ON p.player_id = pg.player_id WHERE pg.season_id = 22017 ORDER BY pg.stl DESC LIMIT 5;"
how many boards did shaq average in 2002,"SELECT p.player_name, ps.reb FROM player p JOIN player_season ps ON p.player_id = ps.player_id WHERE ps.season_id = 22001 AND p.player_name = 'Shaquille O''Neal';"
who was the assist king in 2004,"SELECT p.player_name, ps.ast FROM player p JOIN player_season ps ON p.player_id = ps.player_id WHERE ps.season_id = 22003 ORDER BY ps.ast DESC LIMIT 1;"
give me the top bucket getters in 2019,"SELECT p.player_name, ps.pts FROM player p JOIN player_season ps ON p.player_id = ps.player_id WHERE ps.season_id = 22018 ORDER BY ps.pts DESC LIMIT 10;"
who had the most swats last in 2020 season,"SELECT p.player_name, pg.blk FROM player p JOIN player_general_traditional_total pg ON p.player_id = pg.player_id WHERE pg.season_id = 22019 ORDER BY pg.blk DESC LIMIT 1;"
giannis numbers in 2020,"SELECT p.player_name, ps.pts, ps.reb, ps.ast FROM player p JOIN player_season ps ON p.player_id = ps.player_id WHERE ps.season_id = 22019 AND p.player_name = 'Giannis Antetokounmpo';"
who shot the lights out from 3 in 2019,"SELECT p.player_name, pg.fg3_pct FROM player p JOIN player_general_traditional_total pg ON p.player_id = pg.player_id WHERE pg.season_id = 22018 AND pg.fg3a >= 50 ORDER BY pg.fg3_pct DESC LIMIT 5;"
westbrook triple doubles 2017,"SELECT p.player_name, pg.td3 FROM player p JOIN player_general_traditional_total pg ON p.player_id = pg.player_id WHERE pg.season_id = 22016 AND p.player_name = 'Russell Westbrook';"
lbj vs kd scoring 2013,"SELECT p.player_name, ps.pts FROM player p JOIN player_season ps ON p.player_id = ps.player_id WHERE ps.season_id = 22012 AND p.player_name IN ('LeBron James', 'Kevin Durant');"
durant fg% 2014,"SELECT p.player_name, pg.fg_pct FROM player p JOIN player_general_traditional_total pg ON p.player_id = pg.player_id WHERE pg.season_id = 22013 AND p.player_name = 'Kevin Durant';"
who balled out the most efficiently in 2021,"SELECT p.player_name, ps.ts_pct FROM player p JOIN player_season ps ON p.player_id = ps.player_id WHERE ps.season_id = 22020 AND ps.gp >= 20 ORDER BY ps.ts_pct DESC LIMIT 5;"
what was ai scoring in 2001,"SELECT p.player_name, ps.pts FROM player p JOIN player_season ps ON p.player_id = ps.player_id WHERE ps.season_id = 22000 AND p.player_name = 'Allen Iverson';"
harden assist numbers in 2017,"SELECT p.player_name, ps.ast FROM player p JOIN player_season ps ON p.player_id = ps.player_id WHERE ps.season_id = 22016 AND p.player_name = 'James Harden';"
lbj career points total,"SELECT p.player_name, SUM(pg.pts) AS career_pts FROM player p JOIN player_general_traditional_total pg ON p.player_id = pg.player_id WHERE p.player_name = 'LeBron James' GROUP BY p.player_name;"
steph splash bro three point pct 2016 season,"SELECT p.player_name, pg.fg3_pct FROM player p JOIN player_general_traditional_total pg ON p.player_id = pg.player_id WHERE pg.season_id = 22015 AND p.player_name = 'Stephen Curry';"
show me players who shoot above 50 fg and 40 from three in 2019,"SELECT p.player_name, pg.fg_pct, pg.fg3_pct FROM player p JOIN player_general_traditional_total pg ON p.player_id = pg.player_id WHERE pg.season_id = 22018 AND pg.fg_pct > 0.50 AND pg.fg3_pct > 0.40 AND pg.fga >= 100 AND pg.fg3a >= 50 ORDER BY pg.fg3_pct DESC;"
gobert blocks 2018,"SELECT p.player_name, pg.blk FROM player p JOIN player_general_traditional_total pg ON p.player_id = pg.player_id WHERE pg.season_id = 22017 AND p.player_name = 'Rudy Gobert';"
who had the sickest plus minus in 2017,"SELECT p.player_name, pg.plus_minus FROM player p JOIN player_general_traditional_total pg ON p.player_id = pg.player_id WHERE pg.season_id = 22016 ORDER BY pg.plus_minus DESC LIMIT 5;"
players on the bulls 97-98 season,"SELECT p.player_name, ps.pts, ps.reb, ps.ast FROM player p JOIN player_season ps ON p.player_id = ps.player_id JOIN team t ON ps.team_id = t.team_id WHERE ps.season_id = 21997 AND t.nickname = 'Bulls' ORDER BY ps.pts DESC;"
nets roster 2022,"SELECT p.player_name, ps.pts, ps.reb, ps.ast FROM player p JOIN player_season ps ON p.player_id = ps.player_id JOIN team t ON ps.team_id = t.team_id WHERE ps.season_id = 22021 AND t.nickname = 'Nets' ORDER BY ps.pts DESC;"
show me all players tht averaged at least 25 5 5 in 2018,"SELECT p.player_name, ps.pts, ps.reb, ps.ast FROM player p JOIN player_season ps ON p.player_id = ps.player_id WHERE ps.season_id = 22017 AND ps.pts >= 25 AND ps.reb >= 5 AND ps.ast >= 5 ORDER BY ps.pts DESC;"
which big men grabbed the most offensive boards in 2015,"SELECT p.player_name, pg.oreb FROM player p JOIN player_general_traditional_total pg ON p.player_id = pg.player_id WHERE pg.season_id = 22014 ORDER BY pg.oreb DESC LIMIT 10;"
kd career total points,"SELECT p.player_name, SUM(pg.pts) AS career_pts FROM player p JOIN player_general_traditional_total pg ON p.player_id = pg.player_id WHERE p.player_name = 'Kevin Durant' GROUP BY p.player_name;"
who was the GOAT rebounder of all time,"SELECT p.player_name, SUM(pg.reb) AS career_reb FROM player p JOIN player_general_traditional_total pg ON p.player_id = pg.player_id GROUP BY p.player_name ORDER BY career_reb DESC LIMIT 1;"
players who played every single game in 2024,"SELECT p.player_name, pg.gp FROM player p JOIN player_general_traditional_total pg ON p.player_id = pg.player_id WHERE pg.season_id = 22023 AND pg.gp = 82 ORDER BY p.player_name;"
KD or LBJ who got more buckets career,"SELECT p.player_name, SUM(pg.pts) AS career_pts FROM player p JOIN player_general_traditional_total pg ON p.player_id = pg.player_id WHERE p.player_name IN ('Kevin Durant', 'LeBron James') GROUP BY p.player_name ORDER BY career_pts DESC;"
who was dropping dimes on the lakers in 2020,"SELECT p.player_name, ps.ast FROM player p JOIN player_season ps ON p.player_id = ps.player_id JOIN team t ON ps.team_id = t.team_id WHERE ps.season_id = 22019 AND t.nickname = 'Lakers' ORDER BY ps.ast DESC LIMIT 3;"
which players were absolute buckets in the 2016 season,"SELECT p.player_name, ps.pts FROM player p JOIN player_season ps ON p.player_id = ps.player_id WHERE ps.season_id = 22015 AND ps.pts >= 25 ORDER BY ps.pts DESC;"
who had the most tds in 2018 nba season wait i mean triple doubles,"SELECT p.player_name, pg.td3 FROM player p JOIN player_general_traditional_total pg ON p.player_id = pg.player_id WHERE pg.season_id = 22017 ORDER BY pg.td3 DESC LIMIT 5;"
show all games on march 10 2019,"SELECT g.game_id, g.date, t.city, t.nickname FROM game g JOIN team t ON g.team_id_home_id = t.team_id WHERE g.date = '2019-03-10';"
lebron highest scoring game ever,"SELECT p.player_name, pgl.pts, g.date FROM player p JOIN player_game_log pgl ON p.player_id = pgl.player_id JOIN game g ON pgl.game_id = g.game_id WHERE p.player_name = 'LeBron James' ORDER BY pgl.pts DESC LIMIT 1;"
most assists ever in one game nba history,"SELECT p.player_name, pgl.ast, g.date FROM player p JOIN player_game_log pgl ON p.player_id = pgl.player_id JOIN game g ON pgl.game_id = g.game_id ORDER BY pgl.ast DESC LIMIT 1;"
players from nigeria in the nba,SELECT player_name FROM player WHERE country = 'Nigeria' ORDER BY player_name;
how many international players in the nba,"SELECT country, COUNT(*) AS num_players FROM player WHERE country != 'USA' GROUP BY country ORDER BY num_players DESC;"
players born outside USA who averaged 20+ points in 2023,"SELECT p.player_name, ps.pts, p.country FROM player p JOIN player_season ps ON p.player_id = ps.player_id WHERE ps.season_id = 22022 AND ps.pts >= 20 AND p.country != 'USA' ORDER BY ps.pts DESC;"
what round was curry drafted,"SELECT player_name, draft_year, draft_round, draft_number FROM player WHERE player_name = 'Stephen Curry';"
first overall picks in nba history,"SELECT player_name, draft_year FROM player WHERE draft_number = '1' AND draft_round = '1' ORDER BY draft_year DESC;"
players who went undrafted and averaged 15+ points in a season,"SELECT DISTINCT p.player_name, ps.pts, ps.season_id FROM player p JOIN player_season ps ON p.player_id = ps.player_id WHERE p.draft_round = 'Undrafted' AND ps.pts >= 15 ORDER BY ps.pts DESC;"
how many players came from kentucky in the nba,SELECT COUNT(*) AS num_players FROM player WHERE college = 'Kentucky';
what college produced the most nba players,"SELECT college, COUNT(*) AS num_players FROM player WHERE college IS NOT NULL AND college != '' GROUP BY college ORDER BY num_players DESC LIMIT 1;"
players drafted from gonzaga,"SELECT player_name, draft_year, draft_number FROM player WHERE college = 'Gonzaga' ORDER BY draft_year DESC;"
who was more efficient shaq or hakeem career fg pct,"SELECT p.player_name, SUM(pg.fgm) * 1.0 / SUM(pg.fga) AS career_fg_pct FROM player p JOIN player_general_traditional_total pg ON p.player_id = pg.player_id WHERE p.player_name IN ('Shaquille O''Neal', 'Hakeem Olajuwon') AND pg.fga > 0 GROUP BY p.player_name ORDER BY career_fg_pct DESC;"
how does joker compare to giannis in 2021 stats,"SELECT p.player_name, ps.pts, ps.reb, ps.ast, ps.net_rating FROM player p JOIN player_season ps ON p.player_id = ps.player_id WHERE ps.season_id = 22020 AND p.player_name IN ('Nikola Jokic', 'Giannis Antetokounmpo');"
whos taller jokic or giannis,"SELECT p.player_name, ps.player_height, ps.player_height_inches FROM player p JOIN player_season ps ON p.player_id = ps.player_id WHERE p.player_name IN ('Nikola Jokic', 'Giannis Antetokounmpo') GROUP BY p.player_name, ps.player_height, ps.player_height_inches;"
who had more assists career cp3 or stockton,"SELECT p.player_name, SUM(pg.ast) AS career_ast FROM player p JOIN player_general_traditional_total pg ON p.player_id = pg.player_id WHERE p.player_name IN ('Chris Paul', 'John Stockton') GROUP BY p.player_name ORDER BY career_ast DESC;"
give me all players that ever averaged a triple double for a season,"SELECT p.player_name, ps.pts, ps.reb, ps.ast, ps.season_id FROM player p JOIN player_season ps ON p.player_id = ps.player_id WHERE ps.pts >= 10 AND ps.reb >= 10 AND ps.ast >= 10 ORDER BY ps.season_id DESC;"
players with negative net rating in 2022 who played atleast 50 games,"SELECT p.player_name, ps.net_rating, ps.gp FROM player p JOIN player_season ps ON p.player_id = ps.player_id WHERE ps.season_id = 22021 AND ps.net_rating < 0 AND ps.gp >= 50 ORDER BY ps.net_rating ASC;"
who had the biggest positive impact on winning in 2019 net rating,"SELECT p.player_name, ps.net_rating FROM player p JOIN player_season ps ON p.player_id = ps.player_id WHERE ps.season_id = 22018 AND ps.gp >= 30 ORDER BY ps.net_rating DESC LIMIT 10;"
how many turnovers did harden have in 2017,"SELECT p.player_name, pg.tov FROM player p JOIN player_general_traditional_total pg ON p.player_id = pg.player_id WHERE pg.season_id = 22016 AND p.player_name = 'James Harden';"
players who turned it over the most in 2023,"SELECT p.player_name, pg.tov FROM player p JOIN player_general_traditional_total pg ON p.player_id = pg.player_id WHERE pg.season_id = 22022 ORDER BY pg.tov DESC LIMIT 10;"
who shot the most free throws in 2012,"SELECT p.player_name, pg.fta FROM player p JOIN player_general_traditional_total pg ON p.player_id = pg.player_id WHERE pg.season_id = 22011 ORDER BY pg.fta DESC LIMIT 5;"
players who got to the line the most in 2020,"SELECT p.player_name, pg.fta FROM player p JOIN player_general_traditional_total pg ON p.player_id = pg.player_id WHERE pg.season_id = 22019 ORDER BY pg.fta DESC LIMIT 10;"
d wade stats 2006 season,"SELECT p.player_name, ps.pts, ps.reb, ps.ast FROM player p JOIN player_season ps ON p.player_id = ps.player_id WHERE ps.season_id = 22005 AND p.player_name = 'Dwyane Wade';"
tmac numbers in 2003,"SELECT p.player_name, ps.pts, ps.reb, ps.ast FROM player p JOIN player_season ps ON p.player_id = ps.player_id WHERE ps.season_id = 22002 AND p.player_name = 'Tracy McGrady';"
bron bron minutes per game 2018,"SELECT p.player_name, pg.min / pg.gp AS mpg FROM player p JOIN player_general_traditional_total pg ON p.player_id = pg.player_id WHERE pg.season_id = 22017 AND p.player_name = 'LeBron James';"
who played the most minutes in 2009,"SELECT p.player_name, pg.min FROM player p JOIN player_general_traditional_total pg ON p.player_id = pg.player_id WHERE pg.season_id = 22008 ORDER BY pg.min DESC LIMIT 5;"
players with over 1500 mins in 2022 who also averaged 20 pts,"SELECT p.player_name, pg.min, ps.pts FROM player p JOIN player_general_traditional_total pg ON p.player_id = pg.player_id JOIN player_season ps ON p.player_id = ps.player_id AND pg.season_id = ps.season_id WHERE pg.season_id = 22021 AND pg.min > 1500 AND ps.pts >= 20 ORDER BY ps.pts DESC;"
give me every player who has ever had a 60 point game in nba history,"SELECT DISTINCT p.player_name, pgl.pts, g.date FROM player p JOIN player_game_log pgl ON p.player_id = pgl.player_id JOIN game g ON pgl.game_id = g.game_id WHERE pgl.pts >= 60 ORDER BY pgl.pts DESC;"
what teams got created after 2000,"SELECT city, nickname, year_founded FROM team WHERE year_founded > 2000 ORDER BY year_founded;"
oldest franchise in nba,"SELECT city, nickname, year_founded FROM team ORDER BY year_founded ASC LIMIT 1;"
all teams in the nba alphabetically,"SELECT city, nickname, abbreviation FROM team ORDER BY nickname;"
teams that start with b,"SELECT city, nickname FROM team WHERE nickname LIKE 'B%' ORDER BY nickname;"
most blocks in one game ever,"SELECT p.player_name, pgl.blk, g.date FROM player p JOIN player_game_log pgl ON p.player_id = pgl.player_id JOIN game g ON pgl.game_id = g.game_id ORDER BY pgl.blk DESC LIMIT 1;"
most steals in one game ever,"SELECT p.player_name, pgl.stl, g.date FROM player p JOIN player_game_log pgl ON p.player_id = pgl.player_id JOIN game g ON pgl.game_id = g.game_id ORDER BY pgl.stl DESC LIMIT 1;"
most turnovers in one game ever,"SELECT p.player_name, pgl.tov, g.date FROM player p JOIN player_game_log pgl ON p.player_id = pgl.player_id JOIN game g ON pgl.game_id = g.game_id ORDER BY pgl.tov DESC LIMIT 1;"
highest oreb in a single game,"SELECT p.player_name, pgl.oreb, g.date FROM player p JOIN player_game_log pgl ON p.player_id = pgl.player_id JOIN game g ON pgl.game_id = g.game_id ORDER BY pgl.oreb DESC LIMIT 1;"
kobe worst game scoring wise,"SELECT p.player_name, pgl.pts, g.date FROM player p JOIN player_game_log pgl ON p.player_id = pgl.player_id JOIN game g ON pgl.game_id = g.game_id WHERE p.player_name = 'Kobe Bryant' ORDER BY pgl.pts ASC LIMIT 1;"
lebrons worst plus minus game ever,"SELECT p.player_name, pgl.plus_minus, g.date FROM player p JOIN player_game_log pgl ON p.player_id = pgl.player_id JOIN game g ON pgl.game_id = g.game_id WHERE p.player_name = 'LeBron James' ORDER BY pgl.plus_minus ASC LIMIT 1;"
who played for the most teams ever,"SELECT p.player_name, COUNT(DISTINCT pg.team_id) AS num_teams FROM player p JOIN player_general_traditional_total pg ON p.player_id = pg.player_id GROUP BY p.player_name ORDER BY num_teams DESC LIMIT 5;"
show me players that played on both lakers and heat at some point,SELECT DISTINCT p.player_name FROM player p JOIN player_general_traditional_total pg1 ON p.player_id = pg1.player_id JOIN team t1 ON pg1.team_id = t1.team_id JOIN player_general_traditional_total pg2 ON p.player_id = pg2.player_id JOIN team t2 ON pg2.team_id = t2.team_id WHERE t1.nickname = 'Lakers' AND t2.nickname = 'Heat';
which player had the worst win percentage in 2014 min 50 games,"SELECT p.player_name, pg.w_pct FROM player p JOIN player_general_traditional_total pg ON p.player_id = pg.player_id WHERE pg.season_id = 22013 AND pg.gp >= 50 ORDER BY pg.w_pct ASC LIMIT 1;"
players with insane ast to tov ratio in 2019 min 20 games,"SELECT p.player_name, pg.ast * 1.0 / NULLIF(pg.tov, 0) AS ast_tov_ratio FROM player p JOIN player_general_traditional_total pg ON p.player_id = pg.player_id WHERE pg.season_id = 22018 AND pg.gp >= 20 ORDER BY ast_tov_ratio DESC LIMIT 10;"
players averaging 15+ pts on 45+ fg in 2023,"SELECT p.player_name, ps.pts, pg.fg_pct FROM player p JOIN player_season ps ON p.player_id = ps.player_id JOIN player_general_traditional_total pg ON p.player_id = pg.player_id AND ps.season_id = pg.season_id WHERE ps.season_id = 22022 AND ps.pts >= 15 AND pg.fg_pct >= 0.45 ORDER BY ps.pts DESC;"
total career triple doubles for westbrook,"SELECT p.player_name, SUM(pg.td3) AS career_td3 FROM player p JOIN player_general_traditional_total pg ON p.player_id = pg.player_id WHERE p.player_name = 'Russell Westbrook' GROUP BY p.player_name;"
jokic vs embiid 2023 who was better,"SELECT p.player_name, ps.pts, ps.reb, ps.ast, ps.net_rating FROM player p JOIN player_season ps ON p.player_id = ps.player_id WHERE ps.season_id = 22022 AND p.player_name IN ('Nikola Jokic', 'Joel Embiid');"
all players that played in the 90s,SELECT DISTINCT p.player_name FROM player p JOIN player_general_traditional_total pg ON p.player_id = pg.player_id WHERE pg.season_id BETWEEN 21989 AND 21999 ORDER BY p.player_name;
players active in both 2010 and 2020,SELECT DISTINCT p.player_name FROM player p JOIN player_general_traditional_total pg1 ON p.player_id = pg1.player_id JOIN player_general_traditional_total pg2 ON p.player_id = pg2.player_id WHERE pg1.season_id = 22009 AND pg2.season_id = 22019 ORDER BY p.player_name;
show me all seasons where someone averaged over 35 ppg,"SELECT p.player_name, ps.pts, ps.season_id FROM player p JOIN player_season ps ON p.player_id = ps.player_id WHERE ps.pts > 35 ORDER BY ps.pts DESC;"
best scorers who also dished out 8 assists in 2022,"SELECT p.player_name, ps.pts, ps.ast FROM player p JOIN player_season ps ON p.player_id = ps.player_id WHERE ps.season_id = 22021 AND ps.pts >= 20 AND ps.ast >= 8 ORDER BY ps.pts DESC;"
give me all bulls players ever in the database,SELECT DISTINCT p.player_name FROM player p JOIN player_general_traditional_total pg ON p.player_id = pg.player_id JOIN team t ON pg.team_id = t.team_id WHERE t.nickname = 'Bulls' ORDER BY p.player_name;
how many players in nba history averaged over 20 ppg for a season,SELECT COUNT(DISTINCT player_id) AS num_players FROM player_season WHERE pts > 20;
show players drafted between 2000 and 2005 who averaged 20 pts in a season,"SELECT DISTINCT p.player_name, ps.pts, ps.season_id FROM player p JOIN player_season ps ON p.player_id = ps.player_id WHERE p.draft_year BETWEEN 2000 AND 2005 AND ps.pts >= 20 ORDER BY ps.pts DESC;"
who has the highest single season scoring average in history,"SELECT p.player_name, ps.pts, ps.season_id FROM player p JOIN player_season ps ON p.player_id = ps.player_id ORDER BY ps.pts DESC LIMIT 1;"
shortest player in the nba in 2023,"SELECT p.player_name, ps.player_height_inches FROM player p JOIN player_season ps ON p.player_id = ps.player_id WHERE ps.season_id = 22022 ORDER BY ps.player_height_inches ASC LIMIT 5;"
heaviest player to average 20 pts in a season,"SELECT p.player_name, ps.player_weight, ps.pts FROM player p JOIN player_season ps ON p.player_id = ps.player_id WHERE ps.pts >= 20 ORDER BY ps.player_weight DESC LIMIT 1;"
who was the most ball dominant player in 2021 usage rate,"SELECT p.player_name, ps.usg_pct FROM player p JOIN player_season ps ON p.player_id = ps.player_id WHERE ps.season_id = 22020 AND ps.gp >= 20 ORDER BY ps.usg_pct DESC LIMIT 1;"
embiid or jokic who had the higher usage in 2022,"SELECT p.player_name, ps.usg_pct FROM player p JOIN player_season ps ON p.player_id = ps.player_id WHERE ps.season_id = 22021 AND p.player_name IN ('Joel Embiid', 'Nikola Jokic');"
players who assisted on more than 40 percent of buckets in 2023,"SELECT p.player_name, ps.ast_pct FROM player p JOIN player_season ps ON p.player_id = ps.player_id WHERE ps.season_id = 22022 AND ps.ast_pct > 0.40 AND ps.gp >= 20 ORDER BY ps.ast_pct DESC;"
who gets to the offensive glass the hardest in 2021,"SELECT p.player_name, ps.oreb_pct FROM player p JOIN player_season ps ON p.player_id = ps.player_id WHERE ps.season_id = 22020 AND ps.gp >= 20 ORDER BY ps.oreb_pct DESC LIMIT 5;"
lbj vs mj career scoring titles,"SELECT p.player_name, COUNT(*) AS scoring_titles FROM player p JOIN player_season ps ON p.player_id = ps.player_id WHERE p.player_name IN ('LeBron James', 'Michael Jordan') AND ps.pts = (SELECT MAX(ps2.pts) FROM player_season ps2 WHERE ps2.season_id = ps.season_id) GROUP BY p.player_name;"
all nba teams and their cities,"SELECT city, nickname, abbreviation FROM team ORDER BY city;"
which team had the most players average double digits in 2020,"SELECT t.city, t.nickname, COUNT(*) AS num_players FROM team t JOIN player_season ps ON t.team_id = ps.team_id WHERE ps.season_id = 22019 AND ps.pts >= 10 GROUP BY t.city, t.nickname ORDER BY num_players DESC LIMIT 1;"
how many games did lebron play in his career,"SELECT p.player_name, SUM(pg.gp) AS career_gp FROM player p JOIN player_general_traditional_total pg ON p.player_id = pg.player_id WHERE p.player_name = 'LeBron James' GROUP BY p.player_name;"
what was the most anyone has ever shot from 3 in one game,"SELECT p.player_name, pgl.fg3m, pgl.fg3a, g.date FROM player p JOIN player_game_log pgl ON p.player_id = pgl.player_id JOIN game g ON pgl.game_id = g.game_id ORDER BY pgl.fg3m DESC LIMIT 1;"
players who scored less than 5 pts per game in 2023 but played more than 60 games,"SELECT p.player_name, ps.pts, ps.gp FROM player p JOIN player_season ps ON p.player_id = ps.player_id WHERE ps.season_id = 22022 AND ps.pts < 5 AND ps.gp > 60 ORDER BY ps.gp DESC;"
which team had the deepest bench scoring in 2018,"SELECT t.city, t.nickname, COUNT(DISTINCT ps.player_id) AS contributors FROM team t JOIN player_season ps ON t.team_id = ps.team_id WHERE ps.season_id = 22017 AND ps.pts >= 8 GROUP BY t.city, t.nickname ORDER BY contributors DESC LIMIT 5;"
melo career points total,"SELECT p.player_name, SUM(pg.pts) AS career_pts FROM player p JOIN player_general_traditional_total pg ON p.player_id = pg.player_id WHERE p.player_name = 'Carmelo Anthony' GROUP BY p.player_name;"
how long did tim duncan play in the nba,"SELECT p.player_name, COUNT(DISTINCT pg.season_id) AS seasons, MIN(pg.season_id) AS first_season, MAX(pg.season_id) AS last_season FROM player p JOIN player_general_traditional_total pg ON p.player_id = pg.player_id WHERE p.player_name = 'Tim Duncan' GROUP BY p.player_name;"
players with 50+ win percentage and 20+ ppg in 2017,"SELECT p.player_name, ps.pts, pg.w_pct FROM player p JOIN player_season ps ON p.player_id = ps.player_id JOIN player_general_traditional_total pg ON p.player_id = pg.player_id AND ps.season_id = pg.season_id WHERE ps.season_id = 22016 AND ps.pts >= 20 AND pg.w_pct >= 0.50 ORDER BY ps.pts DESC;"
whos the best scorer per 36 mins in 2022,"SELECT p.player_name, pg.pts * 36.0 / NULLIF(pg.min / pg.gp, 0) AS pts_per_36 FROM player p JOIN player_general_traditional_total pg ON p.player_id = pg.player_id WHERE pg.season_id = 22021 AND pg.gp >= 20 ORDER BY pts_per_36 DESC LIMIT 10;"
give me all games played in february 2020,"SELECT g.game_id, g.date, t.city, t.nickname FROM game g JOIN team t ON g.team_id_home_id = t.team_id WHERE g.date BETWEEN '2020-02-01' AND '2020-02-29' ORDER BY g.date;"
how many home games did the lakers play in 2022,SELECT COUNT(*) AS home_games FROM game g JOIN team t ON g.team_id_home_id = t.team_id WHERE t.nickname = 'Lakers' AND g.season_id = 22021;
top 5 players by points per game in 2015,"SELECT p.player_name, ps.pts FROM player p JOIN player_season ps ON p.player_id = ps.player_id WHERE ps.season_id = 22014 ORDER BY ps.pts DESC LIMIT 5;"
who cooked defenses the most in 2013,"SELECT p.player_name, ps.pts FROM player p JOIN player_season ps ON p.player_id = ps.player_id WHERE ps.season_id = 22012 ORDER BY ps.pts DESC LIMIT 5;"
which players averaged over 25 points in 2018,"SELECT p.player_name, ps.pts FROM player p JOIN player_season ps ON p.player_id = ps.player_id WHERE ps.season_id = 22017 AND ps.pts > 25 ORDER BY ps.pts DESC;"
show me the stat line for paul george in 2019,"SELECT p.player_name, ps.pts, ps.reb, ps.ast, ps.net_rating FROM player p JOIN player_season ps ON p.player_id = ps.player_id WHERE ps.season_id = 22018 AND p.player_name = 'Paul George';"
pg13 numbers 2019,"SELECT p.player_name, ps.pts, ps.reb, ps.ast FROM player p JOIN player_season ps ON p.player_id = ps.player_id WHERE ps.season_id = 22018 AND p.player_name = 'Paul George';"
which player led the league in scoring in 2011,"SELECT p.player_name, ps.pts FROM player p JOIN player_season ps ON p.player_id = ps.player_id WHERE ps.season_id = 22010 ORDER BY ps.pts DESC LIMIT 1;"
who was eating in 2011 scoring wise,"SELECT p.player_name, ps.pts FROM player p JOIN player_season ps ON p.player_id = ps.player_id WHERE ps.season_id = 22010 ORDER BY ps.pts DESC LIMIT 5;"
top 10 players by rebounds per game in 2008,"SELECT p.player_name, ps.reb FROM player p JOIN player_season ps ON p.player_id = ps.player_id WHERE ps.season_id = 22007 ORDER BY ps.reb DESC LIMIT 10;"
who was a glass eater in 2008,"SELECT p.player_name, ps.reb FROM player p JOIN player_season ps ON p.player_id = ps.player_id WHERE ps.season_id = 22007 ORDER BY ps.reb DESC LIMIT 5;"
iverson scoring average 2006,"SELECT p.player_name, ps.pts FROM player p JOIN player_season ps ON p.player_id = ps.player_id WHERE ps.season_id = 22005 AND p.player_name = 'Allen Iverson';"
which player had the most assists per game in 2007,"SELECT p.player_name, ps.ast FROM player p JOIN player_season ps ON p.player_id = ps.player_id WHERE ps.season_id = 22006 ORDER BY ps.ast DESC LIMIT 1;"
who was the best passer in the league in 2007,"SELECT p.player_name, ps.ast FROM player p JOIN player_season ps ON p.player_id = ps.player_id WHERE ps.season_id = 22006 ORDER BY ps.ast DESC LIMIT 3;"
players who averaged a double double in 2015,"SELECT p.player_name, ps.pts, ps.reb FROM player p JOIN player_season ps ON p.player_id = ps.player_id WHERE ps.season_id = 22014 AND ps.pts >= 10 AND ps.reb >= 10 ORDER BY ps.pts DESC;"
show me players that went 10 and 10 in 2015,"SELECT p.player_name, ps.pts, ps.reb FROM player p JOIN player_season ps ON p.player_id = ps.player_id WHERE ps.season_id = 22014 AND ps.pts >= 10 AND ps.reb >= 10 ORDER BY ps.pts DESC;"
list all players who shot better than 38 percent from three in 2020 with at least 100 attempts,"SELECT p.player_name, pg.fg3_pct, pg.fg3a FROM player p JOIN player_general_traditional_total pg ON p.player_id = pg.player_id WHERE pg.season_id = 22019 AND pg.fg3_pct > 0.38 AND pg.fg3a >= 100 ORDER BY pg.fg3_pct DESC;"
who was wet from three in 2020 at least 100 threes attempted,"SELECT p.player_name, pg.fg3_pct, pg.fg3a FROM player p JOIN player_general_traditional_total pg ON p.player_id = pg.player_id WHERE pg.season_id = 22019 AND pg.fg3_pct > 0.38 AND pg.fg3a >= 100 ORDER BY pg.fg3_pct DESC;"
how many points did dirk score in his career,"SELECT p.player_name, SUM(pg.pts) AS career_pts FROM player p JOIN player_general_traditional_total pg ON p.player_id = pg.player_id WHERE p.player_name = 'Dirk Nowitzki' GROUP BY p.player_name;"
dirk career pts total,"SELECT p.player_name, SUM(pg.pts) AS career_pts FROM player p JOIN player_general_traditional_total pg ON p.player_id = pg.player_id WHERE p.player_name = 'Dirk Nowitzki' GROUP BY p.player_name;"
which player had the highest plus minus in 2014,"SELECT p.player_name, pg.plus_minus FROM player p JOIN player_general_traditional_total pg ON p.player_id = pg.player_id WHERE pg.season_id = 22013 ORDER BY pg.plus_minus DESC LIMIT 1;"
who was the most impactful player stat wise in 2014,"SELECT p.player_name, pg.plus_minus FROM player p JOIN player_general_traditional_total pg ON p.player_id = pg.player_id WHERE pg.season_id = 22013 ORDER BY pg.plus_minus DESC LIMIT 5;"
show me all of westbrooks stats by season,"SELECT pg.season_id, ps.pts, ps.reb, ps.ast, pg.td3 FROM player p JOIN player_season ps ON p.player_id = ps.player_id JOIN player_general_traditional_total pg ON p.player_id = pg.player_id AND ps.season_id = pg.season_id WHERE p.player_name = 'Russell Westbrook' ORDER BY ps.season_id;"
westbrook season by season numbers,"SELECT pg.season_id, ps.pts, ps.reb, ps.ast, pg.td3 FROM player p JOIN player_season ps ON p.player_id = ps.player_id JOIN player_general_traditional_total pg ON p.player_id = pg.player_id AND ps.season_id = pg.season_id WHERE p.player_name = 'Russell Westbrook' ORDER BY ps.season_id;"
what was LeBron James points per game in the 2013 season,"SELECT p.player_name, ps.pts FROM player p JOIN player_season ps ON p.player_id = ps.player_id WHERE ps.season_id = 22012 AND p.player_name = 'LeBron James';"
bron ppg 2013,"SELECT p.player_name, ps.pts FROM player p JOIN player_season ps ON p.player_id = ps.player_id WHERE ps.season_id = 22012 AND p.player_name = 'LeBron James';"
players with over 800 total rebounds in 2016,"SELECT p.player_name, pg.reb FROM player p JOIN player_general_traditional_total pg ON p.player_id = pg.player_id WHERE pg.season_id = 22015 AND pg.reb > 800 ORDER BY pg.reb DESC;"
who was a walking bucket every night in 2010,"SELECT p.player_name, COUNT(*) AS games_20_plus FROM player p JOIN player_game_log pgl ON p.player_id = pgl.player_id WHERE pgl.season_id = 22009 AND pgl.pts >= 20 GROUP BY p.player_name ORDER BY games_20_plus DESC LIMIT 10;"
list players who scored 20 or more points in over 60 games in 2010,"SELECT p.player_name, COUNT(*) AS games_20_plus FROM player p JOIN player_game_log pgl ON p.player_id = pgl.player_id WHERE pgl.season_id = 22009 AND pgl.pts >= 20 GROUP BY p.player_name HAVING COUNT(*) >= 60 ORDER BY games_20_plus DESC;"
wade stats in 2009,"SELECT p.player_name, ps.pts, ps.reb, ps.ast FROM player p JOIN player_season ps ON p.player_id = ps.player_id WHERE ps.season_id = 22008 AND p.player_name = 'Dwyane Wade';"
dwyane wade averages in 2009,"SELECT p.player_name, ps.pts, ps.reb, ps.ast FROM player p JOIN player_season ps ON p.player_id = ps.player_id WHERE ps.season_id = 22008 AND p.player_name = 'Dwyane Wade';"
which players came from north carolina in the nba,"SELECT player_name, draft_year FROM player WHERE college = 'North Carolina' ORDER BY draft_year DESC;"
how many unc players made the nba,SELECT COUNT(*) AS num_players FROM player WHERE college = 'North Carolina';
who had the most career double doubles ever,"SELECT p.player_name, SUM(pg.dd2) AS career_dd2 FROM player p JOIN player_general_traditional_total pg ON p.player_id = pg.player_id GROUP BY p.player_name ORDER BY career_dd2 DESC LIMIT 5;"
who stacked up double doubles the most in their career,"SELECT p.player_name, SUM(pg.dd2) AS career_dd2 FROM player p JOIN player_general_traditional_total pg ON p.player_id = pg.player_id GROUP BY p.player_name ORDER BY career_dd2 DESC LIMIT 5;"
who was absolutely on fire from deep in 2016 with volume,"SELECT p.player_name, pg.fg3_pct, pg.fg3m, pg.fg3a FROM player p JOIN player_general_traditional_total pg ON p.player_id = pg.player_id WHERE pg.season_id = 22015 AND pg.fg3_pct > 0.45 AND pg.fg3a > 100 ORDER BY pg.fg3_pct DESC;"
how many seasons has lebron averaged over 25 points,SELECT COUNT(*) AS seasons_25_plus FROM player p JOIN player_season ps ON p.player_id = ps.player_id WHERE p.player_name = 'LeBron James' AND ps.pts > 25;
how long has bron been a 25 ppg guy,SELECT COUNT(*) AS seasons_25_plus FROM player p JOIN player_season ps ON p.player_id = ps.player_id WHERE p.player_name = 'LeBron James' AND ps.pts > 25;
players drafted out of high school,"SELECT player_name, draft_year FROM player WHERE college IS NULL OR college = '' ORDER BY draft_year;"
who skipped college and went straight to the nba,"SELECT player_name, draft_year FROM player WHERE college IS NULL OR college = '' ORDER BY draft_year;"
players who averaged 5 or more assists in 2005,"SELECT p.player_name, ps.ast FROM player p JOIN player_season ps ON p.player_id = ps.player_id WHERE ps.season_id = 22004 AND ps.ast >= 5 ORDER BY ps.ast DESC;"
who was facilitating in 2005,"SELECT p.player_name, ps.ast FROM player p JOIN player_season ps ON p.player_id = ps.player_id WHERE ps.season_id = 22004 AND ps.ast >= 5 ORDER BY ps.ast DESC;"
did lebron or kobe score more per game in 2009,"SELECT p.player_name, ps.pts FROM player p JOIN player_season ps ON p.player_id = ps.player_id WHERE ps.season_id = 22008 AND p.player_name IN ('LeBron James', 'Kobe Bryant') ORDER BY ps.pts DESC;"
kobe vs lebron ppg in 2009,"SELECT p.player_name, ps.pts FROM player p JOIN player_season ps ON p.player_id = ps.player_id WHERE ps.season_id = 22008 AND p.player_name IN ('LeBron James', 'Kobe Bryant');"
players averaging over 10 points off the bench in 2021,"SELECT p.player_name, ps.pts, pg.w_pct FROM player p JOIN player_season ps ON p.player_id = ps.player_id JOIN player_general_traditional_total pg ON p.player_id = pg.player_id AND ps.season_id = pg.season_id WHERE ps.season_id = 22020 AND ps.pts >= 10 AND ps.gp >= 30 ORDER BY ps.pts DESC;"
who were the sixth man candidates in 2021,"SELECT p.player_name, ps.pts FROM player p JOIN player_season ps ON p.player_id = ps.player_id WHERE ps.season_id = 22020 AND ps.pts >= 10 AND ps.gp >= 30 ORDER BY ps.pts DESC LIMIT 10;"
lebron or durant who had better net rating in 2016,"SELECT p.player_name, ps.net_rating FROM player p JOIN player_season ps ON p.player_id = ps.player_id WHERE ps.season_id = 22015 AND p.player_name IN ('LeBron James', 'Kevin Durant');"
who was more impactful bron or kd in 2016,"SELECT p.player_name, ps.net_rating, pg.plus_minus FROM player p JOIN player_season ps ON p.player_id = ps.player_id JOIN player_general_traditional_total pg ON p.player_id = pg.player_id AND ps.season_id = pg.season_id WHERE ps.season_id = 22015 AND p.player_name IN ('LeBron James', 'Kevin Durant');"
all players from australia in nba history,"SELECT player_name, draft_year FROM player WHERE country = 'Australia' ORDER BY draft_year;"
how many players from canada have played in the nba,SELECT COUNT(*) AS num_players FROM player WHERE country = 'Canada';
list every team with its founding year,"SELECT city, nickname, year_founded FROM team ORDER BY year_founded;"
when was the pelicans franchise founded,"SELECT city, nickname, year_founded FROM team WHERE nickname = 'Pelicans';"
players who played 1000 or more games in their career,"SELECT p.player_name, SUM(pg.gp) AS career_gp FROM player p JOIN player_general_traditional_total pg ON p.player_id = pg.player_id GROUP BY p.player_name HAVING SUM(pg.gp) >= 1000 ORDER BY career_gp DESC;"
who has the most ironman seasons playing 75 plus games in 2022,"SELECT p.player_name, pg.gp FROM player p JOIN player_general_traditional_total pg ON p.player_id = pg.player_id WHERE pg.season_id = 22021 AND pg.gp >= 75 ORDER BY pg.gp DESC;"
how many players averaged more assists than turnovers in 2023,SELECT COUNT(*) AS num_players FROM player p JOIN player_general_traditional_total pg ON p.player_id = pg.player_id WHERE pg.season_id = 22022 AND pg.ast > pg.tov AND pg.gp >= 20;
who took care of the ball the best in 2023 ast to tov ratio min 20 games,"SELECT p.player_name, pg.ast * 1.0 / NULLIF(pg.tov, 0) AS ast_tov FROM player p JOIN player_general_traditional_total pg ON p.player_id = pg.player_id WHERE pg.season_id = 22022 AND pg.gp >= 20 AND pg.tov > 0 ORDER BY ast_tov DESC LIMIT 10;"
show all games on new years day 2018,"SELECT g.game_id, g.date, t.city, t.nickname FROM game g JOIN team t ON g.team_id_home_id = t.team_id WHERE g.date = '2018-01-01';"
best rookies scoring wise in 2004 first year players drafted 2003,"SELECT p.player_name, ps.pts FROM player p JOIN player_season ps ON p.player_id = ps.player_id WHERE ps.season_id = 22003 AND p.draft_year = 2003 ORDER BY ps.pts DESC LIMIT 5;"
who were the best first year players in 2004,"SELECT p.player_name, ps.pts, ps.reb, ps.ast FROM player p JOIN player_season ps ON p.player_id = ps.player_id WHERE ps.season_id = 22003 AND p.draft_year = 2003 ORDER BY ps.pts DESC LIMIT 5;"
which player improved their ppg the most from 2019 to 2020,"SELECT p.player_name, ps20.pts - ps19.pts AS improvement FROM player p JOIN player_season ps19 ON p.player_id = ps19.player_id AND ps19.season_id = 22018 JOIN player_season ps20 ON p.player_id = ps20.player_id AND ps20.season_id = 22019 WHERE ps19.gp >= 20 AND ps20.gp >= 20 ORDER BY improvement DESC LIMIT 5;"
who had the biggest leap in scoring from 2019 to 2020,"SELECT p.player_name, ps20.pts - ps19.pts AS pts_jump FROM player p JOIN player_season ps19 ON p.player_id = ps19.player_id AND ps19.season_id = 22018 JOIN player_season ps20 ON p.player_id = ps20.player_id AND ps20.season_id = 22019 WHERE ps19.gp >= 20 AND ps20.gp >= 20 ORDER BY pts_jump DESC LIMIT 5;"
what was shaq's best scoring season,"SELECT p.player_name, ps.pts, ps.season_id FROM player p JOIN player_season ps ON p.player_id = ps.player_id WHERE p.player_name = 'Shaquille O''Neal' ORDER BY ps.pts DESC LIMIT 1;"
peak shaq scoring,"SELECT p.player_name, ps.pts, ps.season_id FROM player p JOIN player_season ps ON p.player_id = ps.player_id WHERE p.player_name = 'Shaquille O''Neal' ORDER BY ps.pts DESC LIMIT 1;"
which players went to duke and averaged 20 points in a season,"SELECT DISTINCT p.player_name, ps.pts, ps.season_id FROM player p JOIN player_season ps ON p.player_id = ps.player_id WHERE p.college = 'Duke' AND ps.pts >= 20 ORDER BY ps.pts DESC;"
best duke players in the nba by scoring,"SELECT p.player_name, MAX(ps.pts) AS best_scoring_season FROM player p JOIN player_season ps ON p.player_id = ps.player_id WHERE p.college = 'Duke' GROUP BY p.player_name ORDER BY best_scoring_season DESC LIMIT 5;"
list players who have over 15000 career points and also averaged over 7 rebounds per game for their career,"SELECT p.player_name, SUM(pg.pts) AS career_pts, AVG(ps.reb) AS avg_reb FROM player p JOIN player_general_traditional_total pg ON p.player_id = pg.player_id JOIN player_season ps ON p.player_id = ps.player_id GROUP BY p.player_name HAVING SUM(pg.pts) > 15000 AND AVG(ps.reb) > 7 ORDER BY career_pts DESC;"
who were the elite big men scoring and rebounding in their careers,"SELECT p.player_name, SUM(pg.pts) AS career_pts, AVG(ps.reb) AS avg_reb FROM player p JOIN player_general_traditional_total pg ON p.player_id = pg.player_id JOIN player_season ps ON p.player_id = ps.player_id GROUP BY p.player_name HAVING SUM(pg.pts) > 15000 AND AVG(ps.reb) > 7 ORDER BY career_pts DESC LIMIT 10;"
players who won more than 50 games in a season in 2017,"SELECT p.player_name, pg.w FROM player p JOIN player_general_traditional_total pg ON p.player_id = pg.player_id WHERE pg.season_id = 22016 AND pg.w > 50 ORDER BY pg.w DESC;"
which players were on winning teams in 2017 50 plus wins,"SELECT p.player_name, pg.w FROM player p JOIN player_general_traditional_total pg ON p.player_id = pg.player_id WHERE pg.season_id = 22016 AND pg.w > 50 ORDER BY pg.w DESC LIMIT 10;"
all star caliber players in 2020 scoring 20 plus with positive net rating,"SELECT p.player_name, ps.pts, ps.net_rating FROM player p JOIN player_season ps ON p.player_id = ps.player_id WHERE ps.season_id = 22019 AND ps.pts >= 20 AND ps.net_rating > 0 ORDER BY ps.pts DESC;"
who deserved an all star nod in 2020 by the numbers,"SELECT p.player_name, ps.pts, ps.reb, ps.ast, ps.net_rating FROM player p JOIN player_season ps ON p.player_id = ps.player_id WHERE ps.season_id = 22019 AND ps.pts >= 20 AND ps.net_rating > 0 ORDER BY ps.pts DESC LIMIT 12;"
who led each team in scoring in 2022,"SELECT t.nickname, p.player_name, ps.pts FROM player p JOIN player_season ps ON p.player_id = ps.player_id JOIN team t ON ps.team_id = t.team_id WHERE ps.season_id = 22021 AND ps.pts = (SELECT MAX(ps2.pts) FROM player_season ps2 WHERE ps2.team_id = ps.team_id AND ps2.season_id = ps.season_id) ORDER BY ps.pts DESC;"
best scorer on each team in 2022,"SELECT t.nickname, p.player_name, ps.pts FROM player p JOIN player_season ps ON p.player_id = ps.player_id JOIN team t ON ps.team_id = t.team_id WHERE ps.season_id = 22021 AND ps.pts = (SELECT MAX(ps2.pts) FROM player_season ps2 WHERE ps2.team_id = ps.team_id AND ps2.season_id = ps.season_id) ORDER BY ps.pts DESC;"
was lebron or kobe ever on the same team,SELECT COUNT(*) AS shared_seasons FROM player_general_traditional_total pg1 JOIN player_general_traditional_total pg2 ON pg1.team_id = pg2.team_id AND pg1.season_id = pg2.season_id JOIN player p1 ON pg1.player_id = p1.player_id JOIN player p2 ON pg2.player_id = p2.player_id WHERE p1.player_name = 'LeBron James' AND p2.player_name = 'Kobe Bryant';
did kobe and shaq ever play together,"SELECT pg1.season_id, t.city, t.nickname FROM player_general_traditional_total pg1 JOIN player_general_traditional_total pg2 ON pg1.team_id = pg2.team_id AND pg1.season_id = pg2.season_id JOIN player p1 ON pg1.player_id = p1.player_id JOIN player p2 ON pg2.player_id = p2.player_id JOIN team t ON pg1.team_id = t.team_id WHERE p1.player_name = 'Kobe Bryant' AND p2.player_name = 'Shaquille O''Neal' ORDER BY pg1.season_id;"
players who improved their three point percentage by most from 2015 to 2016,"SELECT p.player_name, pg16.fg3_pct - pg15.fg3_pct AS improvement FROM player p JOIN player_general_traditional_total pg15 ON p.player_id = pg15.player_id AND pg15.season_id = 22014 JOIN player_general_traditional_total pg16 ON p.player_id = pg16.player_id AND pg16.season_id = 22015 WHERE pg15.fg3a >= 50 AND pg16.fg3a >= 50 ORDER BY improvement DESC LIMIT 5;"
who got way better from three from 2015 to 2016,"SELECT p.player_name, pg16.fg3_pct - pg15.fg3_pct AS three_pct_jump FROM player p JOIN player_general_traditional_total pg15 ON p.player_id = pg15.player_id AND pg15.season_id = 22014 JOIN player_general_traditional_total pg16 ON p.player_id = pg16.player_id AND pg16.season_id = 22015 WHERE pg15.fg3a >= 50 AND pg16.fg3a >= 50 ORDER BY three_pct_jump DESC LIMIT 5;"
how many total three pointers were made in the nba in 2019,SELECT SUM(pg.fg3m) AS total_3pm FROM player_general_traditional_total pg WHERE pg.season_id = 22018;
how many threes did the whole league jack up in 2019,"SELECT SUM(pg.fg3a) AS total_3pa, SUM(pg.fg3m) AS total_3pm FROM player_general_traditional_total pg WHERE pg.season_id = 22018;"
which players have played in every decade from the 90s to the 2020s,SELECT p.player_name FROM player p JOIN player_general_traditional_total pg ON p.player_id = pg.player_id GROUP BY p.player_name HAVING MAX(pg.season_id) >= 22019 AND MIN(pg.season_id) <= 21999;
who has the most seasons leading team in scoring,"SELECT p.player_name, COUNT(*) AS times_top_scorer FROM player p JOIN player_season ps ON p.player_id = ps.player_id WHERE ps.pts = (SELECT MAX(ps2.pts) FROM player_season ps2 WHERE ps2.team_id = ps.team_id AND ps2.season_id = ps.season_id) GROUP BY p.player_name ORDER BY times_top_scorer DESC LIMIT 10;"
who always carried their team scoring,"SELECT p.player_name, COUNT(*) AS times_top_scorer FROM player p JOIN player_season ps ON p.player_id = ps.player_id WHERE ps.pts = (SELECT MAX(ps2.pts) FROM player_season ps2 WHERE ps2.team_id = ps.team_id AND ps2.season_id = ps.season_id) GROUP BY p.player_name ORDER BY times_top_scorer DESC LIMIT 10;"
average height of nba players in 2023,SELECT AVG(ps.player_height_inches) AS avg_height_inches FROM player_season ps WHERE ps.season_id = 22022;
average weight of nba players in 2020,SELECT AVG(ps.player_weight) AS avg_weight FROM player_season ps WHERE ps.season_id = 22019;
has the average nba player gotten taller over time,"SELECT season_id, AVG(player_height_inches) AS avg_height FROM player_season GROUP BY season_id ORDER BY season_id;"
how has scoring changed over the years in the nba,"SELECT season_id, AVG(pts) AS avg_pts FROM player_season GROUP BY season_id ORDER BY season_id;"
players with over 200 steals in a season,"SELECT p.player_name, pg.stl, pg.season_id FROM player p JOIN player_general_traditional_total pg ON p.player_id = pg.player_id WHERE pg.stl > 200 ORDER BY pg.stl DESC;"
best steal seasons in nba history,"SELECT p.player_name, pg.stl, pg.season_id FROM player p JOIN player_general_traditional_total pg ON p.player_id = pg.player_id ORDER BY pg.stl DESC LIMIT 10;"
players with more than 300 blocks in a season in history,"SELECT p.player_name, pg.blk, pg.season_id FROM player p JOIN player_general_traditional_total pg ON p.player_id = pg.player_id WHERE pg.blk > 300 ORDER BY pg.blk DESC;"
most blocked shots in a season ever,"SELECT p.player_name, pg.blk, pg.season_id FROM player p JOIN player_general_traditional_total pg ON p.player_id = pg.player_id ORDER BY pg.blk DESC LIMIT 1;"
players with the most personal fouls in a career,"SELECT p.player_name, SUM(pg.pf) AS career_fouls FROM player p JOIN player_general_traditional_total pg ON p.player_id = pg.player_id GROUP BY p.player_name ORDER BY career_fouls DESC LIMIT 10;"
who fouled the most in their career,"SELECT p.player_name, SUM(pg.pf) AS career_fouls FROM player p JOIN player_general_traditional_total pg ON p.player_id = pg.player_id GROUP BY p.player_name ORDER BY career_fouls DESC LIMIT 5;"
show me games where a player had 15 or more assists,"SELECT p.player_name, pgl.ast, g.date FROM player p JOIN player_game_log pgl ON p.player_id = pgl.player_id JOIN game g ON pgl.game_id = g.game_id WHERE pgl.ast >= 15 ORDER BY pgl.ast DESC;"
has anyone ever dropped 15 dimes in a game,"SELECT p.player_name, pgl.ast, g.date FROM player p JOIN player_game_log pgl ON p.player_id = pgl.player_id JOIN game g ON pgl.game_id = g.game_id WHERE pgl.ast >= 15 ORDER BY pgl.ast DESC LIMIT 10;"
players who led the league in scoring multiple years in a row,"SELECT p.player_name, ps.season_id FROM player p JOIN player_season ps ON p.player_id = ps.player_id WHERE ps.pts = (SELECT MAX(ps2.pts) FROM player_season ps2 WHERE ps2.season_id = ps.season_id) ORDER BY ps.season_id;"
all time scoring title winners by year,"SELECT p.player_name, ps.pts, ps.season_id FROM player p JOIN player_season ps ON p.player_id = ps.player_id WHERE ps.pts = (SELECT MAX(ps2.pts) FROM player_season ps2 WHERE ps2.season_id = ps.season_id) ORDER BY ps.season_id DESC;"
players with the worst ft percentage in 2018 min 100 attempts,"SELECT p.player_name, pg.ft_pct, pg.fta FROM player p JOIN player_general_traditional_total pg ON p.player_id = pg.player_id WHERE pg.season_id = 22017 AND pg.fta >= 100 ORDER BY pg.ft_pct ASC LIMIT 10;"
who was bricking free throws the most in 2018,"SELECT p.player_name, pg.ft_pct, pg.fta FROM player p JOIN player_general_traditional_total pg ON p.player_id = pg.player_id WHERE pg.season_id = 22017 AND pg.fta >= 100 ORDER BY pg.ft_pct ASC LIMIT 5;"
how many total games has the lakers franchise played,SELECT COUNT(DISTINCT g.game_id) AS total_games FROM game g JOIN team t ON g.team_id_home_id = t.team_id WHERE t.nickname = 'Lakers';
